"round_id","coder_id","system_point_total","ReturnTime","Duration","ProvPercentile","ScoringType"
9881,110873,"",1820930,1103396,50.70422535211267,"2-Relative"
9881,144400,"",32663336,5236,47.41784037558685,"2-Relative"
9881,155308,"",1820930,0,11.737089201877936,"2-Relative"
9881,155397,"",1820930,1042781,48.35680751173709,"2-Relative"
9881,156485,"",1820930,0,42.72300469483567,"2-Relative"
9881,157126,"","",615761,39.906103286384976,"2-Relative"
9881,157967,"",4236058,1087462,35.68075117370893,"2-Relative"
9881,158301,"","",440634,75.58685446009389,"2-Relative"
9881,251832,"",1820930,1161013,96.24413145539906,"2-Relative"
9881,261024,"",6652546,104006,94.36619718309859,"2-Relative"
9881,263088,"",1820930,441887,20.657276995305168,"2-Relative"
9881,264700,"","",80056,11.737089201877936,"2-Relative"
9881,270330,"","",344075,38.02816901408451,"2-Relative"
9881,279471,"",1820930,538153,99.06103286384976,"2-Relative"
9881,281393,"",1820930,1198589,37.558685446009385,"2-Relative"
9881,290237,"",6652546,865704,11.737089201877936,"2-Relative"
9881,292451,"",1820930,846613,75.11737089201878,"2-Relative"
9881,296547,"","",519909,0.,"2-Relative"
9881,297186,"",34480561,337948,12.676056338028175,"2-Relative"
9881,299904,"",1820930,405605,27.69953051643192,"2-Relative"
9881,301395,"",1820930,100057,-0.9389671361502252,"2-Relative"
9881,304976,"",1820930,0,21.126760563380287,"2-Relative"
9881,307848,"",1820930,229385,53.051643192488264,"2-Relative"
9881,348460,"",1820930,11205,11.737089201877936,"2-Relative"
9881,2057853,"","",561289,-0.4694835680751197,"2-Relative"
9881,7280013,"",1820930,303006,45.539906103286384,"2-Relative"
9881,7338095,"",1820930,274056,59.624413145539904,"2-Relative"
9881,7351815,"",1820930,982307,65.72769953051643,"2-Relative"
9881,7396531,"",1820930,124835,25.821596244131456,"2-Relative"
9881,7401962,"",47779920,82147,-0.9389671361502252,"2-Relative"
9881,7433409,"",6652546,997817,22.535211267605632,"2-Relative"
9881,7434314,"",40522046,488586,23.94366197183099,"2-Relative"
9881,7443877,"",1820930,723578,51.64319248826291,"2-Relative"
9881,7507452,"",24799594,0,18.30985915492957,"2-Relative"
9881,7546048,"",1820930,721129,91.54929577464789,"2-Relative"
9881,7578023,"",4236058,0,55.39906103286385,"2-Relative"
9881,8347440,"",1820930,81603,39.43661971830986,"2-Relative"
9881,8357318,"",1820930,722545,65.25821596244131,"2-Relative"
9881,8382018,"",30253591,173056,49.29577464788733,"2-Relative"
9881,8392826,"",1820930,177288,86.3849765258216,"2-Relative"
9881,8493941,"",1820930,49148,53.990610328638496,"2-Relative"
9881,8601343,"",13908317,646497,68.54460093896714,"2-Relative"
9881,10273897,"",1820930,1203998,16.901408450704224,"2-Relative"
9881,10475857,"",1820930,0,0.9389671361502394,"2-Relative"
9881,10482608,"",14517449,1046749,-0.9389671361502252,"2-Relative"
9881,10601498,"",1820930,283296,52.582159624413144,"2-Relative"
9881,10687395,"",4236058,945610,70.42253521126761,"2-Relative"
9881,11866817,"",1820930,733890,98.59154929577464,"2-Relative"
9881,11905561,"",19371785,139520,40.845070422535215,"2-Relative"
9881,13273905,"","",346725,60.563380281690144,"2-Relative"
9881,13287348,"","",0,11.737089201877936,"2-Relative"
9881,13330388,"","",0,11.737089201877936,"2-Relative"
9881,13348403,"",1820930,912678,44.13145539906104,"2-Relative"
9881,13361031,"","",486105,11.737089201877936,"2-Relative"
9881,13365748,"",1820930,30196,21.596244131455393,"2-Relative"
9881,14768063,"",1820930,687282,0.4694835680751197,"2-Relative"
9881,14821940,"","",294531,24.88262910798123,"2-Relative"
9881,14899147,"","",343118,63.84976525821596,"2-Relative"
9881,14906363,"",4236058,736030,36.61971830985915,"2-Relative"
9881,15104893,"",6652546,0,11.737089201877936,"2-Relative"
9881,15128148,"","",119945,76.52582159624413,"2-Relative"
9881,15221906,"",4236058,0,24.413145539906097,"2-Relative"
9881,15289003,"",1820930,1108355,66.19718309859155,"2-Relative"
9881,15292231,"",8463805,163878,86.8544600938967,"2-Relative"
9881,15508708,"",1820930,1189497,88.73239436619718,"2-Relative"
9881,15548523,"",1820930,0,33.80281690140845,"2-Relative"
9881,15775227,"",1820930,501144,84.97652582159624,"2-Relative"
9881,15803924,"",9093234,1003867,96.71361502347418,"2-Relative"
9881,15917161,"",13908317,72526,19.24882629107981,"2-Relative"
9881,15972093,"",1820930,15247,32.3943661971831,"2-Relative"
9881,15982182,"",6652546,0,32.86384976525821,"2-Relative"
9881,16067643,"",16940058,629965,62.91079812206573,"2-Relative"
9881,19910536,"",1820930,0,11.737089201877936,"2-Relative"
9881,19978040,"",1820930,1032157,93.89671361502347,"2-Relative"
9881,20035455,"",1820930,186205,78.87323943661971,"2-Relative"
9881,20051336,"",1820930,597492,30.985915492957744,"2-Relative"
9881,20051357,"","",463006,11.737089201877936,"2-Relative"
9881,20107705,"","",593692,20.657276995305168,"2-Relative"
9881,20140344,"",1820930,540796,85.91549295774648,"2-Relative"
9881,20156359,"",1820930,994087,88.26291079812206,"2-Relative"
9881,20158932,"",1820930,169409,11.737089201877936,"2-Relative"
9881,20237512,"","",10962,46.009389671361504,"2-Relative"
9881,20273236,"","",990584,11.737089201877936,"2-Relative"
9881,20283608,"",1820930,596986,13.14553990610328,"2-Relative"
9881,20309119,"","",0,-0.9389671361502252,"2-Relative"
9881,20342742,"",1820930,1087632,89.67136150234742,"2-Relative"
9881,20391112,"",1820930,151780,17.370892018779344,"2-Relative"
9881,20396608,"",10886612,768150,29.10798122065728,"2-Relative"
9881,20397185,"",1820930,928068,67.13615023474179,"2-Relative"
9881,20423957,"",1820930,1018944,80.75117370892019,"2-Relative"
9881,20433241,"",1820930,1151345,69.48356807511738,"2-Relative"
9881,20527917,"",4236058,462082,11.737089201877936,"2-Relative"
9881,20529347,"",1820930,846797,36.15023474178404,"2-Relative"
9881,20544867,"",1820930,1013657,46.47887323943662,"2-Relative"
9881,20555464,"",1820930,63888,11.737089201877936,"2-Relative"
9881,20555484,"",1820930,1200593,90.61032863849765,"2-Relative"
9881,20618729,"",1820930,373664,74.64788732394366,"2-Relative"
9881,20673221,"",1820930,1134923,93.42723004694835,"2-Relative"
9881,20677225,"",1820930,1028934,12.206572769953056,"2-Relative"
9881,20680885,"",1820930,329729,56.33802816901409,"2-Relative"
9881,20685627,"","",885757,72.7699530516432,"2-Relative"
9881,20685932,"",4236058,0,18.779342723004703,"2-Relative"
9881,20699317,"","",144731,11.737089201877936,"2-Relative"
9881,20771370,"",1820930,939805,92.48826291079813,"2-Relative"
9881,20771443,"","",936483,53.521126760563384,"2-Relative"
9881,20771452,"","",160514,62.441314553990615,"2-Relative"
9881,20771527,"",1820930,991393,41.31455399061033,"2-Relative"
9881,20771536,"",1820930,947360,83.5680751173709,"2-Relative"
9881,20780497,"",1820930,605070,51.17370892018779,"2-Relative"
9881,20780744,"","",638012,38.497652582159624,"2-Relative"
9881,20781156,"",1820930,159572,25.352112676056336,"2-Relative"
9881,20781394,"",1820930,768479,66.66666666666667,"2-Relative"
9881,20783604,"",1820930,1068056,95.77464788732394,"2-Relative"
9881,20783989,"","",1169633,61.032863849765256,"2-Relative"
9881,20784668,"",1820930,260980,31.455399061032864,"2-Relative"
9881,20784948,"",1820930,523161,15.023474178403745,"2-Relative"
9881,20785014,"","",776419,14.55399061032864,"2-Relative"
9881,20785034,"",1820930,990796,13.6150234741784,"2-Relative"
9881,20785547,"",4236058,211447,-0.9389671361502252,"2-Relative"
9881,20787372,"",1820930,731668,30.516431924882625,"2-Relative"
9881,20787992,"",1820930,706602,64.7887323943662,"2-Relative"
9881,20789192,"",1820930,800385,26.291079812206576,"2-Relative"
9881,20789218,"","",0,23.004694835680752,"2-Relative"
9881,20789542,"",1820930,681963,61.971830985915496,"2-Relative"
9881,20789674,"",1820930,683448,17.840375586854464,"2-Relative"
9881,20793996,"",1820930,201179,46.948356807511736,"2-Relative"
9881,20798840,"",1820930,1175565,68.07511737089202,"2-Relative"
9881,20801569,"",4236058,1001975,61.502347417840376,"2-Relative"
9881,20803449,"",4236058,854271,43.1924882629108,"2-Relative"
9881,20806031,"",16334243,0,22.535211267605632,"2-Relative"
9881,20815657,"","",750925,47.887323943661976,"2-Relative"
9881,20820180,"","",304021,52.11267605633803,"2-Relative"
9881,20821577,"","",887992,82.15962441314554,"2-Relative"
9881,20832704,"",4236058,255652,40.375586854460096,"2-Relative"
9881,20832902,"","",93214,11.737089201877936,"2-Relative"
9881,20833549,"",4236058,530920,33.33333333333334,"2-Relative"
9881,20871711,"","",8878,42.25352112676056,"2-Relative"
9881,20903543,"",26613041,47139,11.737089201877936,"2-Relative"
9881,20920232,"",4236058,141933,11.737089201877936,"2-Relative"
9881,20931212,"",4236058,0,-0.9389671361502252,"2-Relative"
9881,20943786,"",4236058,70664,34.27230046948357,"2-Relative"
9881,20948518,"","",0,11.737089201877936,"2-Relative"
9881,20958283,"","",0,28.63849765258216,"2-Relative"
9881,20977988,"",1820930,124336,34.74178403755869,"2-Relative"
9881,21032693,"","",0,-0.9389671361502252,"2-Relative"
10015,303309,5911.26,"",265743,38.84892086330935,"1-Absolute"
10015,7392404,105.18,5444512,0,0.,"1-Absolute"
10015,7442498,7109.1,39316115,588646,95.68345323741008,"1-Absolute"
10015,7500182,5059.41,629429,449673,24.460431654676256,"1-Absolute"
10015,8395447,4925.08,18149236,0,22.302158273381295,"1-Absolute"
10015,8472826,7022.78,26016756,585862,91.36690647482014,"1-Absolute"
10015,8488397,4756.29,"",0,17.985611510791372,"1-Absolute"
10015,10003678,6840.05,48993875,499737,79.85611510791367,"1-Absolute"
10015,10116099,6542.01,2422807,16572,59.71223021582734,"1-Absolute"
10015,10413662,5155.73,"",0,30.2158273381295,"1-Absolute"
10015,10444679,3729.86,"",92981,15.107913669064743,"1-Absolute"
10015,10687407,5494.11,2422807,320909,33.81294964028777,"1-Absolute"
10015,11925555,1196.86,36895613,0,1.4388489208633075,"1-Absolute"
10015,14940443,5745.18,"",0,35.97122302158273,"1-Absolute"
10015,15720333,6229.25,2422807,167953,47.48201438848921,"1-Absolute"
10015,15805529,4819.4,2422807,17149,19.42446043165468,"1-Absolute"
10015,16017427,712.99,2422807,39778,0.7194244604316538,"1-Absolute"
10015,16115177,2227.87,6053644,177133,5.0359712230215905,"1-Absolute"
10015,20002558,6513.17,"",446383,58.273381294964025,"1-Absolute"
10015,21086951,6611.1,"",519161,66.18705035971223,"1-Absolute"
10015,21119953,3152.19,2422807,14622,10.79136690647482,"1-Absolute"
10015,21249153,6654.18,"",375573,68.34532374100719,"1-Absolute"
10015,21371442,1747.05,2422807,0,3.597122302158269,"1-Absolute"
10015,21470487,6547.91,26016756,161206,60.431654676258994,"1-Absolute"
10015,21471147,3893.42,"",0,16.54676258992805,"1-Absolute"
10015,21494813,3967.49,5444512,66586,17.26618705035972,"1-Absolute"
10015,21622019,6430.41,629429,38834,53.956834532374096,"1-Absolute"
10015,21625822,5155.73,629429,0,30.2158273381295,"1-Absolute"
10015,21656775,6769.83,"",430963,76.97841726618705,"1-Absolute"
10015,21666450,1483.67,"",0,2.8776978417266292,"1-Absolute"
10015,21765101,4814.67,"",355940,18.705035971223012,"1-Absolute"
10015,21849294,6654.42,629429,365592,69.06474820143885,"1-Absolute"
10015,21871413,5155.73,211085298,201140,30.2158273381295,"1-Absolute"
10015,21874282,99.4,629429,0,-0.7194244604316538,"1-Absolute"
10015,21874802,7176.17,629429,550282,98.56115107913669,"1-Absolute"
10015,21877715,6994.91,629429,344495,89.20863309352518,"1-Absolute"
10015,21878047,6485.53,"",268862,56.115107913669064,"1-Absolute"
10015,21889318,5704.48,"",398172,34.53237410071942,"1-Absolute"
10015,21908292,6973.79,"",473479,87.05035971223022,"1-Absolute"
10015,21911554,6610.55,"",570573,65.46762589928058,"1-Absolute"
10015,21917079,3324.75,"",448901,12.230215827338128,"1-Absolute"
10015,21924534,5148.11,2422807,421903,27.33812949640287,"1-Absolute"
10015,21945864,5477.03,629429,65494,33.093525179856115,"1-Absolute"
10015,21946177,6351.31,629429,85121,49.64028776978417,"1-Absolute"
10015,21947454,5107.2,"",571169,26.618705035971217,"1-Absolute"
10015,21990198,3702.53,629429,0,14.38848920863309,"1-Absolute"
10015,22008709,6560.49,2422807,35007,61.8705035971223,"1-Absolute"
10087,274320,644.45,19963112,98379,56.896551724137936,"1-Absolute"
10087,7240885,565.76,2422609,252864,16.666666666666657,"1-Absolute"
10087,7459900,632.75,1816794,506720,43.67816091954023,"1-Absolute"
10087,10241455,639.74,16948421,241148,48.275862068965516,"1-Absolute"
10087,10380704,635.04,1816794,110899,43.103448275862064,"1-Absolute"
10087,10398587,501.7,"",0,9.770114942528735,"1-Absolute"
10087,11881832,605.18,"",1018974,25.287356321839084,"1-Absolute"
10087,15211879,614.44,2422609,429064,31.60919540229885,"1-Absolute"
10087,15557189,648.68,205031654,18749,60.91954022988506,"1-Absolute"
10087,15558748,643.8,"",1007162,61.49425287356322,"1-Absolute"
10087,20243958,627.85,33262471,0,39.6551724137931,"1-Absolute"
10087,21114020,651.97,2422609,688048,75.86206896551724,"1-Absolute"
10087,21926997,651.18,"",860350,69.54022988505747,"1-Absolute"
10087,21969942,524.27,2422609,14977,10.919540229885058,"1-Absolute"
10087,22093503,351.53,"",496885,5.172413793103445,"1-Absolute"
10087,22505051,657.62,2422609,1068697,88.50574712643679,"1-Absolute"
10087,22508351,564.68,"",0,19.54022988505747,"1-Absolute"
10087,22626991,610.4,1816794,605299,28.735632183908038,"1-Absolute"
10087,22627195,608.21,"",256200,34.48275862068965,"1-Absolute"
10087,22627270,656.76,"",425931,85.63218390804597,"1-Absolute"
10087,22628687,395.66,1816794,1060361,5.747126436781613,"1-Absolute"
10087,22628772,647.19,10282145,1119890,73.5632183908046,"1-Absolute"
10087,22628887,652.84,1816794,1093433,68.9655172413793,"1-Absolute"
10087,22628893,653.44,2422609,472654,77.58620689655172,"1-Absolute"
10087,22628932,351.88,"",260463,4.597701149425291,"1-Absolute"
10087,22629065,659.92,2422609,1066096,93.67816091954023,"1-Absolute"
10087,22629147,638.2,1816794,943655,47.70114942528736,"1-Absolute"
10087,22629151,638.77,"",942188,49.42528735632183,"1-Absolute"
10087,22629223,620.27,2422609,364051,33.9080459770115,"1-Absolute"
10087,22629971,188.8,1816794,107191,0.5747126436781684,"1-Absolute"
10088,273414,402.17,"",60517,29.104477611940297,"2-Relative"
10088,289435,754.08,80436527,226844,85.07462686567165,"2-Relative"
10088,7465390,414.24,8465351,0,53.73134328358209,"2-Relative"
10088,7468108,231.99,3037542,0,10.447761194029852,"2-Relative"
10088,7579810,273.59,605815,0,14.179104477611943,"2-Relative"
10088,8479262,431.21,2426218,500479,55.223880597014926,"2-Relative"
10088,8500894,742.07,"",68501,82.83582089552239,"2-Relative"
10088,10456798,352.36,18146318,82700,19.40298507462687,"2-Relative"
10088,10459051,408.7,"",0,38.80597014925373,"2-Relative"
10088,13298470,403.4,31445677,556389,44.776119402985074,"2-Relative"
10088,15868491,410.89,39312757,17965,39.552238805970156,"2-Relative"
10088,15892009,408.7,141092659,251569,38.80597014925373,"2-Relative"
10088,19746433,92.89,"",0,4.477611940298516,"2-Relative"
10088,20255420,321.41,5522286,0,16.4179104477612,"2-Relative"
10088,20256177,146.27,84525126,0,6.71641791044776,"2-Relative"
10088,20610662,525.33,"",22719,69.40298507462687,"2-Relative"
10088,20641048,412.84,"",331470,43.28358208955224,"2-Relative"
10088,20910418,380.77,"",0,22.388059701492537,"2-Relative"
10088,21113940,410.89,18146318,107974,42.53731343283582,"2-Relative"
10088,21183970,31.68,2426218,0,1.492537313432834,"2-Relative"
10088,21190309,12.69,"",89867,-0.7462686567164099,"2-Relative"
10088,21260745,408.7,"",0,38.80597014925373,"2-Relative"
10088,21575181,342.61,"",0,18.656716417910445,"2-Relative"
10088,21655942,414.24,"",0,53.73134328358209,"2-Relative"
10088,21708065,182.13,"",0,7.462686567164184,"2-Relative"
10088,22627381,431.96,90715669,240453,59.701492537313435,"2-Relative"
10088,22627986,0,18146318,55132,-1.492537313432834,"2-Relative"
10088,22628293,345.47,"",0,21.641791044776113,"2-Relative"
10088,22628685,648.64,18146318,528801,76.86567164179104,"2-Relative"
10088,22628883,415.15,"",453100,41.04477611940298,"2-Relative"
10088,22629193,208.74,605815,19553,8.208955223880594,"2-Relative"
10088,22629277,333.96,35676201,279058,17.91044776119402,"2-Relative"
10088,22629385,713.59,18146318,279096,79.85074626865672,"2-Relative"
10088,22629796,678.87,605815,344328,78.35820895522389,"2-Relative"
10088,22629828,223.82,"",49424,9.701492537313428,"2-Relative"
10088,22629864,403.15,"",564501,30.59701492537313,"2-Relative"
10088,22629866,815.87,605815,127972,91.04477611940298,"2-Relative"
10088,22630237,474.16,605815,511467,66.41791044776119,"2-Relative"
10088,22630284,408.7,"",30581,38.80597014925373,"2-Relative"
10088,22630576,414.24,16329093,0,53.73134328358209,"2-Relative"
10088,22630603,271.77,18146318,0,13.432835820895534,"2-Relative"
10088,22630614,615.81,"",68423,70.8955223880597,"2-Relative"
10088,22630666,98.29,2426218,15323,5.970149253731336,"2-Relative"
10088,22630760,441.3,"",358165,57.46268656716418,"2-Relative"
10088,22630799,408.7,"",336112,38.80597014925373,"2-Relative"
10088,22630808,0.16,"",339383,0.,"2-Relative"
10088,22630848,414.24,"",0,53.73134328358209,"2-Relative"
11136,296461,209.36,"",46377,23.577235772357724,"1-Absolute"
11136,7219408,248.89,"",0,61.78861788617886,"1-Absolute"
11136,8400878,305.32,1216198,880739,86.99186991869918,"1-Absolute"
11136,10616830,173.28,8634389,0,15.447154471544707,"1-Absolute"
11136,14884004,316.69,"",655034,88.6178861788618,"1-Absolute"
11136,21495056,173.28,5478279,143011,15.447154471544707,"1-Absolute"
11136,21707006,178.91,3062061,674809,6.504065040650403,"1-Absolute"
11136,22051370,230.19,1216198,70250,26.016260162601625,"1-Absolute"
11136,22653120,187.86,"",276312,10.569105691056919,"1-Absolute"
11136,22656817,302.83,10102351,174709,92.6829268292683,"1-Absolute"
11136,22662743,249.34,"",0,40.65040650406504,"1-Absolute"
11136,22677058,246.14,9066283,1103288,50.40650406504065,"1-Absolute"
11136,22679947,223.19,1216198,467682,47.96747967479674,"1-Absolute"
11136,22686445,35.31,10102351,0,-0.8130081300813004,"1-Absolute"
11136,22692765,204.51,"",0,25.203252032520325,"1-Absolute"
11136,22706456,241.9,"",765538,48.78048780487805,"1-Absolute"
11136,22712123,205.94,"",0,24.390243902439025,"1-Absolute"
11136,22713149,269.33,1216198,435649,73.17073170731707,"1-Absolute"
11136,22713690,263.26,1216198,410396,77.23577235772358,"1-Absolute"
11136,22713766,264.04,9066283,869722,53.65853658536585,"1-Absolute"
11136,22716027,195.11,"",0,8.130081300813004,"1-Absolute"
11136,22716273,192.16,4245792,895278,21.951219512195124,"1-Absolute"
11136,22716381,200.96,24192635,0,11.382113821138205,"1-Absolute"
11136,22716476,173.28,192929161,147893,15.447154471544707,"1-Absolute"
11136,22716572,202.36,"",35842,8.943089430894318,"1-Absolute"
11136,22717317,237.67,8634389,1045422,53.65853658536585,"1-Absolute"
11136,22717517,186.4,"",76079,12.195121951219505,"1-Absolute"
11136,22717546,261.02,1216198,1193583,75.60975609756098,"1-Absolute"
11136,22717909,216.87,10102351,751615,41.463414634146346,"1-Absolute"
11136,22717981,190.21,67132146,186393,16.26016260162602,"1-Absolute"
11136,22718511,253.53,"",46836,43.08943089430895,"1-Absolute"
11136,22718550,216.33,"",111232,38.21138211382114,"1-Absolute"
12198,10410154,738.1,1183731,328915,63.333333333333336,"2-Relative"
12198,22711676,0.67,"",0,0.,"2-Relative"
12198,22717951,156.99,19942349,174634,16.666666666666657,"2-Relative"
12198,22719847,936.22,1183731,263647,90.,"2-Relative"
12198,22721992,0.12,28386495,0,-3.333333333333343,"2-Relative"
12198,22722198,495.83,"",105175,40.,"2-Relative"
12198,22722515,155.95,1183731,134988,20.,"2-Relative"
12198,22723178,54.42,1183731,0,6.666666666666671,"2-Relative"
12200,22725268,46.41,9634798,0,27.02702702702703,"2-Relative"
12200,22725594,24.84,3588004,71359,18.91891891891892,"2-Relative"
12200,22727735,45.5,4624072,21335,21.621621621621628,"2-Relative"
12200,22727928,304.16,1776971,127586,54.05405405405405,"2-Relative"
12204,7581480,509.41,87650327,0,63.513513513513516,"2-Relative"
12204,21162075,370.99,16316708,66432,52.7027027027027,"2-Relative"
12204,22653796,489.13,28406342,514155,58.108108108108105,"2-Relative"
12204,22668193,510.53,"",810051,62.16216216216216,"2-Relative"
12204,22683368,644.38,16316708,685819,71.62162162162161,"2-Relative"
12204,22685186,518.87,85259354,534416,60.810810810810814,"2-Relative"
12204,22690346,249.59,1791721,776004,40.54054054054054,"2-Relative"
12204,22696634,114.67,"",746054,18.91891891891892,"2-Relative"
12204,22713193,244.69,7842562,0,39.189189189189186,"2-Relative"
12204,22718320,105.61,1791721,80533,12.162162162162161,"2-Relative"
12204,22737737,129.17,18127200,269252,25.675675675675677,"2-Relative"
12204,22742084,225.27,"",85656,37.83783783783784,"2-Relative"
12204,22743150,710.22,4227216,629724,79.72972972972973,"2-Relative"
12204,22744486,63.33,1791721,178384,6.756756756756758,"2-Relative"
12204,22745036,108.29,"",0,20.270270270270274,"2-Relative"
12204,22745579,823.79,1791721,662624,90.54054054054055,"2-Relative"
12204,22746080,83.7,"",0,5.4054054054054035,"2-Relative"
12204,22746460,29.62,1791721,0,-1.3513513513513544,"2-Relative"
12204,22747346,400.75,40951380,0,50.,"2-Relative"
13565,7514011,96,589704,0,18.181818181818173,"1-Absolute"
13565,22654575,273,25383750,216486,87.87878787878788,"1-Absolute"
13565,22656143,64,"",0,3.030303030303031,"1-Absolute"
13565,22677562,77,"",81551,13.63636363636364,"1-Absolute"
13565,22700085,70,15104608,317838,7.575757575757578,"1-Absolute"
13565,22738238,274,"",193759,92.42424242424242,"1-Absolute"
13565,22745445,27,29703701,435732,0.,"1-Absolute"
13565,22746448,68,"",0,16.666666666666657,"1-Absolute"
13565,22747217,146,3615273,402322,60.60606060606061,"1-Absolute"
13565,22749203,76,"",0,19.696969696969703,"1-Absolute"
13565,22750255,133,3615273,28823,54.54545454545455,"1-Absolute"
13709,7566083,758.73,1116714,80125,53.191489361702125,"2-Relative"
13709,22663888,869.13,"",0,57.4468085106383,"2-Relative"
13709,22692931,1030.36,1116714,856270,63.82978723404255,"2-Relative"
13709,22692969,1223.9,3025397,1088806,74.46808510638297,"2-Relative"
13709,22696453,939.63,1116714,333087,60.638297872340424,"2-Relative"
13709,22697196,528.47,1810492,190984,43.61702127659575,"2-Relative"
13709,22709555,916.36,"",315106,59.57446808510639,"2-Relative"
13709,22714443,1789.04,1855689,862683,95.74468085106383,"2-Relative"
13709,22722677,147.21,"",548853,17.02127659574468,"2-Relative"
13709,22733994,335.36,20652172,0,28.723404255319153,"2-Relative"
13709,22752801,476.37,"",271421,37.23404255319149,"2-Relative"
13709,22755776,1086.27,1810492,531283,67.02127659574468,"2-Relative"
13709,22768333,784.07,28257782,87649,52.12765957446808,"2-Relative"
13709,22768336,154.5,3025397,260534,15.957446808510639,"2-Relative"
13709,22768727,0.61,1116714,0,0.,"2-Relative"
13709,22771080,459.47,1116714,266032,36.170212765957444,"2-Relative"
13709,22771430,423.15,1116714,464255,34.04255319148936,"2-Relative"
13795,20112552,572.88,4836557,109003,47.41379310344828,"2-Relative"
13795,20336263,572.45,4836557,439177,51.724137931034484,"2-Relative"
13795,20412162,197.69,"",204778,12.93103448275862,"2-Relative"
13795,21236947,367.93,"",31958,30.172413793103445,"2-Relative"
13795,22673331,368.18,"",14544,29.310344827586206,"2-Relative"
13795,22691397,766.09,4836557,149326,84.48275862068965,"2-Relative"
13795,22693771,312.82,"",174842,25.,"2-Relative"
13795,22697421,647.68,4836557,417460,61.206896551724135,"2-Relative"
13795,22703144,50.92,"",58565,5.172413793103445,"2-Relative"
13795,22715447,623.28,13399095,907850,62.06896551724138,"2-Relative"
13795,22719412,40.29,"",0,4.310344827586206,"2-Relative"
13795,22719667,431.54,4836557,865129,38.793103448275865,"2-Relative"
13795,22724077,475.4,"",15416,45.689655172413794,"2-Relative"
13795,22730023,40.29,"",0,4.310344827586206,"2-Relative"
13795,22731252,499.34,30241005,396356,43.103448275862064,"2-Relative"
13795,22744449,326.77,"",529718,26.72413793103449,"2-Relative"
13795,22750228,383.43,123379124,14418,31.034482758620683,"2-Relative"
13795,22757654,637.87,"",91450,67.24137931034483,"2-Relative"
13795,22759143,543.95,"",368366,49.13793103448276,"2-Relative"
13795,22761898,680.6,"",645978,73.27586206896552,"2-Relative"
13795,22765199,82.92,"",0,6.034482758620683,"2-Relative"
13795,22767627,577.32,"",101304,55.172413793103445,"2-Relative"
13795,22773900,337.63,"",56025,28.448275862068968,"2-Relative"
13795,22778824,192.09,"",678158,12.06896551724138,"2-Relative"
13795,22779022,313.53,13399095,812722,24.13793103448276,"2-Relative"
13795,22779050,683.53,"",482333,75.,"2-Relative"
13795,22779518,82.73,"",45905,7.758620689655174,"2-Relative"
13795,22779588,675.88,9156508,818606,74.13793103448276,"2-Relative"
13795,22780062,88.23,"",460868,6.896551724137936,"2-Relative"
13795,22781581,40.29,4836557,17455,4.310344827586206,"2-Relative"
13795,22781706,265.16,106267287,0,18.965517241379317,"2-Relative"
13795,22781905,752.74,33277715,436038,80.17241379310344,"2-Relative"
13795,22782168,311.65,4836557,122129,26.72413793103449,"2-Relative"
13795,22782416,40.29,"",0,4.310344827586206,"2-Relative"
13795,22821457,584.8,"",36927,59.48275862068966,"2-Relative"
13897,7504023,812.01,193551212,94977,45.45454545454546,"1-Absolute"
13897,8475361,57.69,11547043,70011,5.9090909090909065,"1-Absolute"
13897,15693225,838.24,"",461440,52.72727272727273,"1-Absolute"
13897,15812946,935.88,6246153,285942,91.36363636363636,"1-Absolute"
13897,21393997,738.25,2429821,754741,38.18181818181819,"1-Absolute"
13897,22248551,330.19,"",0,18.63636363636364,"1-Absolute"
13897,22263204,923.55,25404448,974733,89.0909090909091,"1-Absolute"
13897,22639520,392.67,25404448,114211,19.545454545454547,"1-Absolute"
13897,22655195,545.79,2429821,597702,25.,"1-Absolute"
13897,22669247,833.67,56853012,386587,54.54545454545455,"1-Absolute"
13897,22677205,57.63,"",2357,7.727272727272734,"1-Absolute"
13897,22681868,904.15,2429821,950068,85.,"1-Absolute"
13897,22686590,836.38,2429821,239596,51.36363636363636,"1-Absolute"
13897,22691655,56.78,"",0,5.9090909090909065,"1-Absolute"
13897,22692126,409.92,140497381,670160,20.,"1-Absolute"
13897,22695601,492.28,"",525135,22.27272727272728,"1-Absolute"
13897,22700779,839.97,"",639566,55.,"1-Absolute"
13897,22703486,56.78,2429821,0,5.9090909090909065,"1-Absolute"
13897,22723736,56.78,20580198,0,5.9090909090909065,"1-Absolute"
13897,22731356,722.85,"",872444,36.36363636363637,"1-Absolute"
13897,22736320,890.46,2429821,338831,82.72727272727272,"1-Absolute"
13897,22738298,866.89,"",92177,67.27272727272728,"1-Absolute"
13897,22739250,916.64,2429821,1016797,88.63636363636364,"1-Absolute"
13897,22739394,549.19,"",72721,25.454545454545453,"1-Absolute"
13897,22744174,60.32,"",0,8.636363636363626,"1-Absolute"
13897,22744264,113.67,38711141,84447,10.,"1-Absolute"
13897,22744380,879.16,"",14725,68.18181818181819,"1-Absolute"
13897,22745135,604.7,"",253112,29.090909090909093,"1-Absolute"
13897,22745206,823.96,8562538,774048,48.18181818181818,"1-Absolute"
13897,22748496,355.78,"",28201,19.090909090909093,"1-Absolute"
13897,22754311,515.83,"",0,23.181818181818187,"1-Absolute"
13897,22757693,138.14,"",0,13.181818181818187,"1-Absolute"
13897,22761545,866.44,"",488950,66.81818181818181,"1-Absolute"
13897,22763180,74.25,2429821,632187,9.545454545454547,"1-Absolute"
13897,22765174,60.66,"",0,9.090909090909093,"1-Absolute"
13897,22767403,642.48,2429821,19750,34.09090909090909,"1-Absolute"
13897,22769575,56.78,55557649,0,5.9090909090909065,"1-Absolute"
13897,22769850,631.95,"",68988,33.18181818181817,"1-Absolute"
13897,22770435,951.8,11521133,1103087,96.36363636363636,"1-Absolute"
13897,22770605,788.16,2429821,336026,43.18181818181818,"1-Absolute"
13897,22775831,607.33,"",458823,29.545454545454547,"1-Absolute"
13897,22777985,828.31,8562538,1044057,49.54545454545455,"1-Absolute"
13897,22780537,668.3,2429821,45268,35.,"1-Absolute"
13897,22781646,132.62,6246153,0,12.727272727272734,"1-Absolute"
13897,22781940,885.6,2429821,1027226,80.45454545454545,"1-Absolute"
13897,22784516,654.33,"",354362,34.54545454545455,"1-Absolute"
13897,22785259,877.71,"",254946,72.27272727272728,"1-Absolute"
13897,22786105,877.08,2429821,93805,74.54545454545455,"1-Absolute"
13897,22788928,832.97,"",19674,50.90909090909091,"1-Absolute"
13897,22790428,56.78,"",346513,5.9090909090909065,"1-Absolute"
13897,22793342,570.01,11584012,609461,28.181818181818187,"1-Absolute"
13897,22793995,447.28,6246153,163182,21.36363636363636,"1-Absolute"
13897,22821353,764.06,2429821,685951,39.090909090909086,"1-Absolute"
13897,22823053,636.72,"",5925,33.636363636363626,"1-Absolute"
13897,22823211,125.87,"",24100,12.272727272727266,"1-Absolute"
13897,22823507,877.33,"",685646,75.45454545454545,"1-Absolute"
13897,22823867,608.16,6246153,367923,26.363636363636374,"1-Absolute"
13897,22825894,585.88,11640073,86278,26.818181818181813,"1-Absolute"
13897,22826091,540.43,"",108334,24.090909090909093,"1-Absolute"
13897,22826142,787.45,8562538,7587,42.27272727272727,"1-Absolute"
13897,22826277,900.68,2429821,866185,85.9090909090909,"1-Absolute"
13897,22826393,762.95,2429821,122370,39.54545454545455,"1-Absolute"
13897,22827377,910.19,2429821,1112255,84.54545454545455,"1-Absolute"
13897,22827396,811.54,2429821,61373,45.909090909090914,"1-Absolute"
13897,22827769,617.55,42336144,324924,30.454545454545453,"1-Absolute"
13897,22827855,847.6,"",284272,57.72727272727273,"1-Absolute"
13897,22827864,908.86,"",277211,86.81818181818181,"1-Absolute"
13897,22827870,870.17,2429821,438989,73.18181818181819,"1-Absolute"
13897,22827914,877.82,2429821,500755,74.0909090909091,"1-Absolute"
13897,22827949,877,2429821,541845,72.72727272727273,"1-Absolute"
13897,22828057,119.23,"",91415,10.909090909090907,"1-Absolute"
13897,22828257,542.05,"",12268,24.545454545454547,"1-Absolute"
13897,22828354,900.45,2429821,923706,83.63636363636364,"1-Absolute"
13897,22828432,438.55,2429821,0,20.454545454545453,"1-Absolute"
13897,22828541,822.21,4319951,0,47.72727272727273,"1-Absolute"
13897,22828546,57.21,2429821,0,6.36363636363636,"1-Absolute"
13923,279175,27633.78,1890130,129474,61.46788990825688,"1-Absolute"
13923,22686512,27645.86,1890130,86410,68.80733944954127,"1-Absolute"
13923,22688175,27648.79,9232680,234276,70.64220183486239,"1-Absolute"
13923,22689019,25453.72,4670952,239918,26.605504587155963,"1-Absolute"
13923,22699804,27361,22974627,71067,57.798165137614674,"1-Absolute"
13923,22710576,27667.6,1890130,981292,96.3302752293578,"1-Absolute"
13923,22711655,27505.98,9239632,756048,92.66055045871559,"1-Absolute"
13923,22725462,27356.37,138067560,69212,52.293577981651374,"1-Absolute"
13923,22738011,27622.64,9112196,495754,74.31192660550458,"1-Absolute"
13923,22745280,25564.95,1890130,97326,25.68807339449542,"1-Absolute"
13923,22750251,26418.45,25996566,264156,31.19266055045871,"1-Absolute"
13923,22755249,27651.32,1890130,172147,77.06422018348624,"1-Absolute"
13923,22757532,26904.14,1890130,1111023,79.81651376146789,"1-Absolute"
13923,22768151,23633.26,1890130,185898,17.43119266055045,"1-Absolute"
13923,22770042,27506.82,1890130,652978,46.78899082568807,"1-Absolute"
13923,22770399,20620.99,39906323,9609,14.678899082568805,"1-Absolute"
13923,22774457,22815.09,25996566,0,20.18348623853211,"1-Absolute"
13923,22774931,2898.75,"",6301,2.7522935779816464,"1-Absolute"
13923,22774933,1676.41,3816332,0,1.8348623853211024,"1-Absolute"
13923,22777893,27671.34,3816332,347674,95.41284403669725,"1-Absolute"
13923,22780770,20048.46,"",0,15.596330275229349,"1-Absolute"
13923,22822718,19124.15,3816332,112836,9.174311926605512,"1-Absolute"
13923,22822827,27648.18,29022295,619188,76.14678899082568,"1-Absolute"
13923,22828733,27655.73,"",88362,77.98165137614679,"1-Absolute"
13923,22830065,27657.82,1890130,710749,86.23853211009174,"1-Absolute"
13923,22830403,27644.76,1890130,973846,73.39449541284404,"1-Absolute"
13923,22830886,27567.69,87686242,706946,49.54128440366973,"1-Absolute"
13923,22830961,26831.04,1890130,205335,34.862385321100916,"1-Absolute"
13923,22831124,10730.54,"",840035,6.422018348623851,"1-Absolute"
13923,22831223,1.49,"",13956,-0.9174311926605441,"1-Absolute"
13923,22831890,19160.55,"",602536,10.091743119266056,"1-Absolute"
13923,22831936,18862.58,21162991,169938,11.926605504587144,"1-Absolute"
13964,278362,93250.66,"",56041,47.87234042553191,"1-Absolute"
13964,7459945,51813.12,3029000,530042,19.68085106382979,"1-Absolute"
13964,7540456,65360.33,"",0,20.212765957446805,"1-Absolute"
13964,9970263,18413.74,3033187,0,7.9787234042553195,"1-Absolute"
13964,19733731,30077.25,19863849,48316,9.042553191489361,"1-Absolute"
13964,20273006,71761.57,3038519,311256,25.,"1-Absolute"
13964,20903357,55895.73,15030274,0,15.425531914893625,"1-Absolute"
13964,22653798,70844.82,"",942063,27.659574468085097,"1-Absolute"
13964,22662265,60427.49,"",94198,21.276595744680847,"1-Absolute"
13964,22672561,108917.57,19863849,684208,65.95744680851064,"1-Absolute"
13964,22678332,105488.72,"",114314,63.82978723404255,"1-Absolute"
13964,22699304,78934.92,"",65878,35.1063829787234,"1-Absolute"
13964,22725093,64756.47,"",40723,20.744680851063833,"1-Absolute"
13964,22745629,80448.3,15030274,47206,34.574468085106375,"1-Absolute"
13964,22745897,60433.78,9591352,427024,16.489361702127653,"1-Absolute"
13964,22746788,91017.43,22889578,1045367,44.680851063829785,"1-Absolute"
13964,22749323,118066.19,3022960,601818,82.97872340425532,"1-Absolute"
13964,22750142,44997.13,3982500,50602,15.957446808510639,"1-Absolute"
13964,22756269,70119.72,3982500,0,27.127659574468083,"1-Absolute"
13964,22758250,99094.98,3982500,167853,47.340425531914896,"1-Absolute"
13964,22769828,121823.41,4580366,946773,88.82978723404256,"1-Absolute"
13964,22775598,87568.05,2958595,183387,31.914893617021278,"1-Absolute"
13964,22776557,99710.51,15030274,603501,55.851063829787236,"1-Absolute"
13964,22779313,30598.46,15030274,0,6.914893617021278,"1-Absolute"
13964,22823265,95313.01,3012671,54321,42.02127659574468,"1-Absolute"
13964,22825479,3343.39,7605610,9171,2.1276595744680833,"1-Absolute"
13964,22825565,76646.95,"",47392,29.255319148936167,"1-Absolute"
13964,22829840,117903.66,"",514342,76.06382978723404,"1-Absolute"
13964,22830136,51484.65,33773606,302525,17.02127659574468,"1-Absolute"
13964,22831538,106256.4,"",677914,64.36170212765958,"1-Absolute"
13964,22833380,54266.7,"",0,19.148936170212778,"1-Absolute"
13964,22834290,88928.3,3033187,870651,38.297872340425535,"1-Absolute"
13964,22836141,40186.04,"",352647,13.829787234042556,"1-Absolute"
13964,22837320,71596.61,2954151,349067,26.06382978723404,"1-Absolute"
13964,22838064,87374.28,"",73162,44.14893617021277,"1-Absolute"
13964,22838201,60196.59,76954577,578270,23.93617021276596,"1-Absolute"
13964,22838301,102120.92,7611528,173464,46.808510638297875,"1-Absolute"
13964,22838346,85704.98,"",52118,32.97872340425532,"1-Absolute"
13964,22838620,98639.4,3023080,928295,51.59574468085106,"1-Absolute"
13964,22838863,9778.35,"",7277,5.851063829787222,"1-Absolute"
13964,22839189,91968.15,"",88464,40.95744680851063,"1-Absolute"
13964,22839234,792.21,3982500,19931,-1.0638297872340559,"1-Absolute"
13964,22839348,117012.58,15030274,748861,76.59574468085106,"1-Absolute"
13964,22839359,8959.93,"",8261,0.5319148936170279,"1-Absolute"
13964,22839420,102138.23,12025910,601458,56.91489361702128,"1-Absolute"
13964,22839524,73923.98,"",85685,29.787234042553195,"1-Absolute"
13964,22839780,107094.5,3325683,623885,64.8936170212766,"1-Absolute"
13964,22839984,130956.94,3211806,1098729,94.68085106382979,"1-Absolute"
13964,22840352,123352.42,"",95057,77.12765957446808,"1-Absolute"
13964,22840901,45319.54,"",63231,14.893617021276597,"1-Absolute"
14264,142007,258.69,1219272,43373,17.83783783783784,"1-Absolute"
14264,19834611,362.5,1204501,119258,47.027027027027025,"1-Absolute"
14264,22269126,477.71,1204501,110877,80.,"1-Absolute"
14264,22674919,416.03,"",706538,61.08108108108108,"1-Absolute"
14264,22686243,206.79,"",0,14.594594594594597,"1-Absolute"
14264,22692510,348.5,1204501,92813,44.86486486486486,"1-Absolute"
14264,22693378,206.79,"",0,14.594594594594597,"1-Absolute"
14264,22714768,542.61,"",960595,92.43243243243244,"1-Absolute"
14264,22732328,469.14,1204501,707122,80.54054054054055,"1-Absolute"
14264,22738691,206.79,"",827448,14.594594594594597,"1-Absolute"
14264,22740332,286.53,"",12295,20.540540540540547,"1-Absolute"
14264,22746624,419.84,"",154632,65.4054054054054,"1-Absolute"
14264,22758011,275.58,"",38810,20.,"1-Absolute"
14264,22759815,494.27,1204501,316036,86.48648648648648,"1-Absolute"
14264,22762763,73.08,1204501,1107225,-0.5405405405405332,"1-Absolute"
14264,22779439,356.96,"",34292,43.24324324324324,"1-Absolute"
14264,22786625,106.45,29639904,0,0.,"1-Absolute"
14264,22790053,206.79,"",588514,14.594594594594597,"1-Absolute"
14264,22821739,229.77,1204501,130714,17.29729729729729,"1-Absolute"
14264,22826834,324.11,"",54958,31.891891891891888,"1-Absolute"
14264,22833185,424.3,4230230,147229,65.94594594594594,"1-Absolute"
14264,22840320,181.62,"",12590,2.1621621621621614,"1-Absolute"
14264,22845698,409.6,127609876,189592,58.37837837837838,"1-Absolute"
14264,22845707,569.61,1204501,1100659,96.75675675675676,"1-Absolute"
14264,22848421,206.79,"",0,14.594594594594597,"1-Absolute"
14264,22856251,323.96,9072496,249426,30.270270270270274,"1-Absolute"
14264,22856278,206.61,"",0,14.594594594594597,"1-Absolute"
14264,22859303,193.49,"",50883,2.7027027027026946,"1-Absolute"
14264,22859620,420.15,1204501,807860,63.24324324324324,"1-Absolute"
14264,22860336,394.55,1204501,867353,54.59459459459459,"1-Absolute"
14264,22864214,460.1,1204501,187389,75.67567567567568,"1-Absolute"
14264,22867737,189.05,"",334406,3.243243243243242,"1-Absolute"
14264,22868061,472.13,"",1163668,81.08108108108108,"1-Absolute"
14264,22868772,438.05,1204501,16685,70.27027027027027,"1-Absolute"
14264,22869131,178.78,"",7436,4.324324324324323,"1-Absolute"
14264,22870139,336.03,1204501,497677,38.37837837837837,"1-Absolute"
14264,22871161,206.79,"",88046,14.594594594594597,"1-Absolute"
14264,22871672,171.43,"",0,1.621621621621614,"1-Absolute"
14264,22872480,296.69,65314544,426711,22.16216216216216,"1-Absolute"
14264,22872744,338.52,11489255,192635,38.91891891891892,"1-Absolute"
14264,22872804,206.79,"",0,14.594594594594597,"1-Absolute"
14264,22872911,313.01,"",617479,29.189189189189193,"1-Absolute"
14264,22873531,323.79,1204501,697829,32.432432432432435,"1-Absolute"
14264,22874376,275.58,1219272,225076,20.,"1-Absolute"
14264,22874545,367.19,1219272,921065,49.72972972972973,"1-Absolute"
14264,22874914,414.75,28335763,708214,57.83783783783784,"1-Absolute"
14264,22875054,324.12,1204501,118155,31.891891891891888,"1-Absolute"
14264,22875082,432.77,1204501,279045,70.8108108108108,"1-Absolute"
14264,22875125,206.79,"",0,14.594594594594597,"1-Absolute"
14264,22875177,357.88,1204501,313099,43.78378378378378,"1-Absolute"
14264,22875332,206.79,"",58453,14.594594594594597,"1-Absolute"
14264,22875363,276.32,"",83195,18.378378378378386,"1-Absolute"
14264,22875449,325.85,"",612304,35.13513513513513,"1-Absolute"
14264,22875611,350.23,"",0,40.54054054054054,"1-Absolute"
14264,22875792,466.7,"",357633,76.75675675675676,"1-Absolute"
14264,22876096,354.34,1219272,0,42.16216216216216,"1-Absolute"
14264,22876160,206.79,1204501,8408,14.594594594594597,"1-Absolute"
14354,22668824,700.99,2416759,428689,45.945945945945944,"2-Relative"
14354,22699399,627.68,19263267,1064936,41.891891891891895,"2-Relative"
14354,22706214,875.92,"",473720,85.13513513513513,"2-Relative"
14354,22710905,792.25,2416759,1070455,59.45945945945946,"2-Relative"
14354,22716309,811.53,6041762,324998,67.56756756756756,"2-Relative"
14354,22729239,944.14,2416759,1132276,95.94594594594595,"2-Relative"
14354,22747723,647.39,"",631796,35.13513513513513,"2-Relative"
14354,22750047,709.58,6041762,200058,48.64864864864865,"2-Relative"
14354,22778586,853.31,"",447333,79.72972972972973,"2-Relative"
14354,22846679,247.75,2416759,53585,9.459459459459467,"2-Relative"
14354,22850553,840.97,104202999,1017721,82.43243243243244,"2-Relative"
14354,22852639,432.35,"",336625,18.91891891891892,"2-Relative"
14354,22854282,929.62,2416759,1139839,94.5945945945946,"2-Relative"
14354,22866205,853.59,"",550205,77.02702702702703,"2-Relative"
14354,22868941,24.79,46147872,163236,4.054054054054063,"2-Relative"
14354,22874941,790.75,2416759,959978,62.16216216216216,"2-Relative"
14354,22879698,1.1,82248185,1009566,-1.3513513513513544,"2-Relative"
14354,22883679,601.5,"",71969,33.78378378378379,"2-Relative"
14354,22887527,899.4,"",684123,89.1891891891892,"2-Relative"
14354,22888367,788.67,2416759,864533,63.513513513513516,"2-Relative"
14354,22889212,511.93,45812797,133021,21.621621621621628,"2-Relative"
14354,22889557,700.54,"",938559,47.297297297297305,"2-Relative"
14354,22890124,570.48,6041762,593928,32.432432432432435,"2-Relative"
14354,22890781,508.69,45812797,880353,24.324324324324323,"2-Relative"
14354,22891768,7.73,"",12288,1.3513513513513544,"2-Relative"
14412,7465325,257.96,"",0,17.753623188405797,"2-Relative"
14412,10379468,1343.6,8040846,356720,72.10144927536231,"2-Relative"
14412,10676764,1393.4,"",2406,80.07246376811594,"2-Relative"
14412,15638907,509.26,"",116133,23.91304347826086,"2-Relative"
14412,22269671,261.15,"",0,6.159420289855078,"2-Relative"
14412,22630875,261.26,"",47464,18.115942028985515,"2-Relative"
14412,22670174,261.15,"",0,6.159420289855078,"2-Relative"
14412,22673275,1325.68,"",196205,67.7536231884058,"2-Relative"
14412,22686277,1407.68,"",10247,81.15942028985506,"2-Relative"
14412,22692080,399.45,4242245,334113,19.565217391304344,"2-Relative"
14412,22696883,1260.31,211106672,993031,54.710144927536234,"2-Relative"
14412,22697550,1025.81,"",671259,41.666666666666664,"2-Relative"
14412,22698371,250.93,"",0,18.47826086956522,"2-Relative"
14412,22704484,1205.11,"",828,53.6231884057971,"2-Relative"
14412,22712676,649.97,14525646,93831,28.26086956521739,"2-Relative"
14412,22730929,1376.55,"",448896,76.44927536231884,"2-Relative"
14412,22736105,1365.49,"",710000,75.,"2-Relative"
14412,22744294,940.17,"",0,37.68115942028986,"2-Relative"
14412,22745455,1168.98,"",1016199,49.63768115942029,"2-Relative"
14412,22748505,1288.76,"",745549,61.594202898550726,"2-Relative"
14412,22748595,616.53,45363464,79299,27.53623188405797,"2-Relative"
14412,22752651,1341.96,14516868,514843,73.55072463768116,"2-Relative"
14412,22753863,1312.12,"",430216,67.3913043478261,"2-Relative"
14412,22753952,1337.98,"",98682,65.94202898550725,"2-Relative"
14412,22757406,780.93,"",424643,34.05797101449275,"2-Relative"
14412,22763096,781.51,"",33010,34.05797101449275,"2-Relative"
14412,22780159,263.72,"",159907,6.521739130434781,"2-Relative"
14412,22781860,1415.31,37684642,770698,99.6376811594203,"2-Relative"
14412,22794521,183.97,"",0,5.434782608695656,"2-Relative"
14412,22827199,1399.39,14516868,1160022,80.79710144927536,"2-Relative"
14412,22827955,426.8,76206423,438330,20.652173913043484,"2-Relative"
14412,22830363,1278.92,"",25941,59.42028985507246,"2-Relative"
14412,22830500,196.61,"",0,4.710144927536234,"2-Relative"
14412,22831044,1022.18,4242245,782317,40.94202898550725,"2-Relative"
14412,22836020,1410.23,39771035,784841,99.6376811594203,"2-Relative"
14412,22837070,1288.58,13221505,939937,63.04347826086957,"2-Relative"
14412,22843572,1224.07,"",259674,52.89855072463768,"2-Relative"
14412,22847477,1321.38,16907841,949609,68.11594202898551,"2-Relative"
14412,22849209,0,"",0,-0.7246376811594217,"2-Relative"
14412,22850456,539.65,"",151353,25.,"2-Relative"
14412,22852185,257.96,"",0,17.753623188405797,"2-Relative"
14412,22852810,257.96,"",0,17.753623188405797,"2-Relative"
14412,22853856,565.79,"",471236,26.08695652173914,"2-Relative"
14412,22863632,1266.63,213184463,68536,58.33333333333333,"2-Relative"
14412,22865568,921.26,8040846,1022915,36.95652173913043,"2-Relative"
14412,22866664,427.94,82252825,83777,21.014492753623188,"2-Relative"
14412,22871554,1407.98,4242245,783611,99.6376811594203,"2-Relative"
14412,22874433,446.36,13221505,76638,22.101449275362313,"2-Relative"
14412,22875240,1334.91,4242245,765959,68.84057971014494,"2-Relative"
14412,22878517,1268.44,"",0,56.15942028985507,"2-Relative"
14412,22882244,257.96,"",0,17.753623188405797,"2-Relative"
14412,22890801,257.96,"",0,17.753623188405797,"2-Relative"
14412,22894843,1210.12,14516868,531697,50.36231884057971,"2-Relative"
14412,22895219,257.96,"",0,17.753623188405797,"2-Relative"
14412,22895314,92.85,46458664,36422,2.536231884057969,"2-Relative"
14412,22895460,257.96,"",0,17.753623188405797,"2-Relative"
14412,22895917,25.7,"",9915,0.36231884057971797,"2-Relative"
14412,22896904,1415.63,"",201658,99.6376811594203,"2-Relative"
14412,22897682,1340.95,"",1198535,72.82608695652175,"2-Relative"
14412,22898114,579.64,"",86904,26.811594202898547,"2-Relative"
14412,22898882,1255.83,"",294270,51.08695652173913,"2-Relative"
14412,22899419,405.13,"",337313,20.289855072463766,"2-Relative"
14412,22900179,1391.9,"",0,79.34782608695653,"2-Relative"
14412,22900361,1250.69,"",1067719,55.072463768115945,"2-Relative"
14412,22900407,257.96,"",30479,17.753623188405797,"2-Relative"
14412,22900556,1193.02,"",715901,51.44927536231884,"2-Relative"
14412,22900867,1408.78,4242245,428274,99.6376811594203,"2-Relative"
14412,22901162,257.96,"",0,17.753623188405797,"2-Relative"
14412,22901272,959.05,"",209140,39.13043478260869,"2-Relative"
14412,22901418,1411.85,4242245,964723,99.6376811594203,"2-Relative"
14412,22902197,1415.17,"",718435,99.6376811594203,"2-Relative"
14412,22902230,1390.9,"",811332,81.52173913043478,"2-Relative"
14412,22902490,1408.78,"",40976,99.6376811594203,"2-Relative"
14412,22903563,278.56,"",0,18.840579710144922,"2-Relative"
14412,22903649,257.96,"",0,17.753623188405797,"2-Relative"
14412,22904007,257.96,"",19527,17.753623188405797,"2-Relative"
14412,22904139,525.85,"",0,24.27536231884058,"2-Relative"
14412,22904340,1408.22,"",1002412,82.2463768115942,"2-Relative"
14412,22904550,19.93,"",426869,0.,"2-Relative"
14412,22904780,1376.55,"",1068465,76.44927536231884,"2-Relative"
14412,22905112,50.03,"",30162,1.8115942028985472,"2-Relative"
14412,22905177,1179.22,8040846,711040,46.7391304347826,"2-Relative"
14412,22905913,1241.27,16907841,110936,54.34782608695652,"2-Relative"
14455,278471,483.06,"",49327,53.333333333333336,"2-Relative"
14455,22696908,725.94,3798601,335564,80.,"2-Relative"
14455,22750076,218.06,"",114920,28.888888888888886,"2-Relative"
14455,22824912,382.7,8979260,126793,42.22222222222223,"2-Relative"
14455,22905417,151.93,3798601,0,24.444444444444443,"2-Relative"
14455,22905676,605.68,8979260,399417,64.44444444444444,"2-Relative"
14455,22909561,491.7,"",295149,46.666666666666664,"2-Relative"
14455,22909964,34.64,3798601,7209,4.444444444444443,"2-Relative"
14455,22910686,458.04,"",434828,44.44444444444444,"2-Relative"
14455,22911105,616.96,"",76656,68.88888888888889,"2-Relative"
14455,22911273,61.42,3798601,196578,15.555555555555557,"2-Relative"
14455,22911316,503.01,3798601,654014,48.88888888888889,"2-Relative"
14455,22912209,246.34,3798601,231081,33.33333333333334,"2-Relative"
14557,22739765,783.91,2338372,30075,81.48148148148148,"2-Relative"
14557,22834681,895.05,12435208,197658,92.5925925925926,"2-Relative"
14557,22924440,464.36,1176611,902515,37.03703703703704,"2-Relative"
14557,22926226,501.95,"",0,51.851851851851855,"2-Relative"
14557,23000180,389.97,"",644120,22.222222222222214,"2-Relative"
14557,23001463,724.21,"",206612,70.37037037037038,"2-Relative"
14557,23002583,965.84,2338372,1011073,96.29629629629629,"2-Relative"
14557,23003246,742.59,"",712301,74.07407407407408,"2-Relative"
14672,20166836,433.06,"",24913,73.45132743362831,"2-Relative"
14672,22654637,154.15,"",403723,34.07079646017699,"2-Relative"
14672,22672868,180.85,"",7205,39.38053097345132,"2-Relative"
14672,22680384,128.52,"",0,26.991150442477874,"2-Relative"
14672,22689633,303.1,"",816498,61.94690265486726,"2-Relative"
14672,22698030,0,"",0,-0.8849557522123916,"2-Relative"
14672,22705227,824.26,18922676,643577,97.78761061946902,"2-Relative"
14672,22717156,12.86,"",20876,6.637168141592923,"2-Relative"
14672,22717200,119.59,"",756329,25.663716814159287,"2-Relative"
14672,22727863,71.81,14085854,174204,12.389380530973455,"2-Relative"
14672,22735778,150.77,151339132,54063,31.858407079646028,"2-Relative"
14672,22756578,44.8,"",0,9.734513274336294,"2-Relative"
14672,22759174,59.19,"",113023,11.504424778761063,"2-Relative"
14672,22766021,86.36,"",0,19.911504424778755,"2-Relative"
14672,22777714,27.42,"",32916,8.407079646017706,"2-Relative"
14672,22780859,284.4,"",654534,61.50442477876106,"2-Relative"
14672,22826721,70.1,110079818,185979,12.83185840707965,"2-Relative"
14672,22829913,375.71,14085854,17919,67.2566371681416,"2-Relative"
14672,22833030,171.04,"",7260,41.150442477876105,"2-Relative"
14672,22833893,313.01,"",183163,63.27433628318584,"2-Relative"
14672,22845421,240.08,"",1037198,56.19469026548673,"2-Relative"
14672,22845706,0.67,"",0,0.4424778761061958,"2-Relative"
14672,22846943,93,"",0,19.026548672566364,"2-Relative"
14672,22847043,179.22,140487824,287084,42.92035398230089,"2-Relative"
14672,22860934,221.36,8828500,1002981,50.442477876106196,"2-Relative"
14672,22867787,351.98,"",1068657,65.48672566371681,"2-Relative"
14672,22879839,40.26,"",294362,8.849557522123902,"2-Relative"
14672,22880222,79.07,"",0,13.716814159292028,"2-Relative"
14672,22884313,437,14085854,1031499,75.22123893805309,"2-Relative"
14672,22888340,93.72,"",662974,20.796460176991147,"2-Relative"
14672,22890449,137.5,20290093,72079,29.203539823008853,"2-Relative"
14672,22891139,0.52,"",21040,0.4424778761061958,"2-Relative"
14672,22900136,61.82,"",0,11.061946902654867,"2-Relative"
14672,22906729,164.44,"",685355,38.495575221238944,"2-Relative"
14672,22907203,200.36,"",208966,46.01769911504425,"2-Relative"
14672,22908603,399.86,6407032,1122473,71.23893805309734,"2-Relative"
14672,22909878,1.51,"",0,3.0973451327433708,"2-Relative"
14672,22910875,140.12,"",0,30.973451327433636,"2-Relative"
14672,22913151,225.2,6407032,327532,48.23008849557522,"2-Relative"
14672,22913826,129.84,"",32993,26.54867256637168,"2-Relative"
14672,22914282,85.71,"",0,18.141592920353972,"2-Relative"
14672,22917193,237.43,8493425,77504,52.65486725663717,"2-Relative"
14672,22917693,139.85,"",167139,27.43362831858407,"2-Relative"
14672,22918146,363.95,16502309,651139,66.8141592920354,"2-Relative"
14672,22918294,175.45,"",88814,38.93805309734514,"2-Relative"
14672,22920325,467.52,"",1121116,80.53097345132744,"2-Relative"
14672,22924522,186.39,86837981,683945,41.5929203539823,"2-Relative"
14672,22926666,17.44,"",514926,7.079646017699119,"2-Relative"
14672,22930044,257.28,"",688685,57.52212389380531,"2-Relative"
14672,22930588,231.15,"",625112,53.097345132743364,"2-Relative"
14672,22931891,156.35,18922676,7212,35.39823008849558,"2-Relative"
14672,22935406,0,6500855,10734,-0.8849557522123916,"2-Relative"
14672,22937814,2.96,"",8442,3.5398230088495666,"2-Relative"
14672,22937889,187.69,"",0,43.80530973451327,"2-Relative"
14672,22938091,186.46,"",67783,42.47787610619469,"2-Relative"
14672,22938208,463.46,6407032,1031321,78.31858407079646,"2-Relative"
14672,22938651,249.92,6407032,161228,55.309734513274336,"2-Relative"
14672,22939322,85.71,"",0,18.141592920353972,"2-Relative"
14672,23000140,241.25,"",415771,55.75221238938053,"2-Relative"
14672,23002344,40.69,"",0,10.17699115044249,"2-Relative"
14672,23007247,0.48,19647129,238427,0.4424778761061958,"2-Relative"
14672,23010314,290.15,6407032,776265,60.61946902654867,"2-Relative"
14672,23010542,57.14,"",0,10.619469026548671,"2-Relative"
14672,23010692,110.07,"",606025,23.45132743362832,"2-Relative"
14672,23014572,227.54,14085854,0,50.88495575221239,"2-Relative"
14672,23016069,76.84,8493425,894649,13.274336283185846,"2-Relative"
14672,23016505,456.49,"",436257,77.87610619469027,"2-Relative"
14672,23017342,82.65,"",101217,15.486725663716811,"2-Relative"
14672,23017754,203.02,"",1021426,46.90265486725663,"2-Relative"
14672,23018957,489.35,81218008,137050,80.97345132743362,"2-Relative"
14672,23021286,82.97,"",0,15.929203539823007,"2-Relative"
14672,23022195,26.29,"",22617,7.522123893805315,"2-Relative"
14672,23022711,151.44,"",7560,32.743362831858406,"2-Relative"
14672,23023382,1.51,"",0,3.0973451327433708,"2-Relative"
14672,23024599,70.64,"",403195,11.946902654867259,"2-Relative"
14672,23027186,89.74,4583340,115396,20.35398230088495,"2-Relative"
14672,23028193,574.04,6500855,111625,88.49557522123894,"2-Relative"
14672,23030321,83.39,130641134,7214,18.584070796460168,"2-Relative"
14672,23030326,550.51,"",1043298,88.05309734513274,"2-Relative"
14672,23030502,185.73,"",15555,42.47787610619469,"2-Relative"
14672,23030678,164.15,"",0,37.61061946902655,"2-Relative"
14672,23031113,270.07,"",266006,59.292035398230084,"2-Relative"
14672,23031902,3.32,"",0,4.424778761061944,"2-Relative"
14672,23032176,187.57,"",10906,43.36283185840708,"2-Relative"
15104,22929832,19440.89,"",688386,-16.66666666666667,"1-Absolute"
15104,23062150,192763.18,"",0,66.66666666666667,"1-Absolute"
15104,23064735,206404.16,"",62786,33.33333333333334,"1-Absolute"
15104,23064911,159104.84,19775885,201670,0.,"1-Absolute"
15137,22656182,1489.35,"",121574,53.793103448275865,"2-Relative"
15137,22682037,746.61,"",0,11.724137931034477,"2-Relative"
15137,22682346,992942.05,"",905730,97.93103448275862,"2-Relative"
15137,22704342,999273,1876749,848053,98.62068965517241,"2-Relative"
15137,22704630,920.23,"",7515,31.724137931034477,"2-Relative"
15137,22725084,1331.84,"",63809,48.96551724137931,"2-Relative"
15137,22774442,1710.27,"",35673,73.79310344827586,"2-Relative"
15137,22848180,1491.65,"",358756,70.34482758620689,"2-Relative"
15137,22851570,784.08,"",0,17.93103448275862,"2-Relative"
15137,22860321,433.13,1152296,0,2.7586206896551744,"2-Relative"
15137,22860832,1104.96,"",0,48.275862068965516,"2-Relative"
15137,22861511,1862.81,"",411248,75.86206896551724,"2-Relative"
15137,22864797,334832.04,123562496,297575,92.41379310344827,"2-Relative"
15137,22866257,784.08,"",0,17.93103448275862,"2-Relative"
15137,22869071,1104.96,"",0,48.275862068965516,"2-Relative"
15137,22869906,1491.65,"",433270,70.34482758620689,"2-Relative"
15137,22870498,1465.53,"",69979,51.03448275862069,"2-Relative"
15137,22870544,1491.65,"",0,70.34482758620689,"2-Relative"
15137,22872301,1070.59,"",0,38.62068965517241,"2-Relative"
15137,22874000,746.61,"",0,11.724137931034477,"2-Relative"
15137,22880713,44950.78,1876749,758689,90.34482758620689,"2-Relative"
15137,22881627,565.43,"",8049,6.206896551724142,"2-Relative"
15137,22881658,1488.5,"",0,53.10344827586207,"2-Relative"
15137,22885408,789.06,"",0,21.379310344827587,"2-Relative"
15137,22890634,1072.97,"",405433,43.44827586206896,"2-Relative"
15137,22893201,1491.65,"",14712,70.34482758620689,"2-Relative"
15137,22898785,302.86,1156085,55352,2.068965517241381,"2-Relative"
15137,22901956,788.1,"",0,20.,"2-Relative"
15137,22903466,697.53,"",0,8.275862068965523,"2-Relative"
15137,22907481,1070.82,"",54474,37.241379310344826,"2-Relative"
15137,22908703,1491.65,"",14884,70.34482758620689,"2-Relative"
15137,22911340,774,"",186088,22.06896551724138,"2-Relative"
15137,22913738,1071.02,"",0,40.,"2-Relative"
15137,22916415,1104.96,30181211,0,48.275862068965516,"2-Relative"
15137,22918303,958.24,"",0,33.103448275862064,"2-Relative"
15137,22918994,1072.32,"",354066,42.068965517241374,"2-Relative"
15137,22934106,784.08,"",0,17.93103448275862,"2-Relative"
15137,22934759,721.64,"",0,8.965517241379303,"2-Relative"
15137,23000636,1070.1,"",12822,39.310344827586206,"2-Relative"
15137,23001265,851.16,"",0,26.896551724137936,"2-Relative"
15137,23002332,865.61,"",0,28.965517241379317,"2-Relative"
15137,23003389,1491.65,"",0,70.34482758620689,"2-Relative"
15137,23003799,865.61,1156085,0,28.965517241379317,"2-Relative"
15137,23006231,1491.65,1152296,285486,70.34482758620689,"2-Relative"
15137,23011020,557.15,"",0,4.827586206896555,"2-Relative"
15137,23013962,1070.7,8503487,21423,37.241379310344826,"2-Relative"
15137,23017099,210.55,"",0,1.3793103448275872,"2-Relative"
15137,23022955,1070.01,65014323,31110,34.48275862068965,"2-Relative"
15137,23030844,1491.65,"",18295,70.34482758620689,"2-Relative"
15137,23052698,1070.93,1156085,0,42.75862068965517,"2-Relative"
15137,23061632,744.06,"",0,9.655172413793096,"2-Relative"
15137,23064081,1491.47,"",94314,54.48275862068965,"2-Relative"
15137,23064082,1491.64,"",0,70.34482758620689,"2-Relative"
15137,23072178,1638.52,2519713,0,72.41379310344828,"2-Relative"
15137,23072777,1070.64,"",0,33.79310344827586,"2-Relative"
15137,23073016,746.61,"",0,11.724137931034477,"2-Relative"
15137,23073391,757.81,"",0,13.103448275862078,"2-Relative"
15137,23073403,1084.74,"",0,44.827586206896555,"2-Relative"
15137,23073409,1485.09,"",0,51.724137931034484,"2-Relative"
15137,23073427,787.46,"",0,19.310344827586206,"2-Relative"
15137,23074062,1070.27,"",0,42.068965517241374,"2-Relative"
15137,23074097,1449.32,"",214567,49.6551724137931,"2-Relative"
15137,23074135,556.8,1156085,0,4.137931034482762,"2-Relative"
15137,23074315,552.99,"",0,3.448275862068968,"2-Relative"
15137,23074321,877.43,"",0,30.344827586206904,"2-Relative"
15137,23074358,837.06,"",0,25.517241379310335,"2-Relative"
15137,23074359,809.9,"",0,23.448275862068968,"2-Relative"
15137,23074360,823.31,"",0,24.827586206896555,"2-Relative"
15137,23074365,759.56,"",0,15.172413793103445,"2-Relative"
15137,23074378,784.11,"",0,17.93103448275862,"2-Relative"
15137,23074380,796.83,"",0,22.758620689655174,"2-Relative"
15137,23074576,117.68,"",0,0.6896551724137936,"2-Relative"
15137,23074587,50.35,"",0,0.,"2-Relative"
15137,23074590,753.14,"",0,12.413793103448285,"2-Relative"
15137,23074591,1.89,"",0,-0.6896551724137936,"2-Relative"
15137,23074651,851.16,"",0,26.896551724137936,"2-Relative"
15137,23075068,815.73,"",0,24.13793103448276,"2-Relative"
15137,23075088,787.66,"",0,18.620689655172413,"2-Relative"
15137,23075093,1491.65,"",0,70.34482758620689,"2-Relative"
15137,23075096,1491.65,"",0,70.34482758620689,"2-Relative"
15137,23075108,871.36,"",0,29.65517241379311,"2-Relative"
15137,23075110,1104.96,"",0,48.275862068965516,"2-Relative"
15137,23075153,759.56,"",0,15.172413793103445,"2-Relative"
15137,23075242,1491.65,"",0,70.34482758620689,"2-Relative"
15155,22747080,9805.79,23586061,951319,80.,"2-Relative"
15155,23062527,7145.42,23586061,696009,60.,"2-Relative"
15155,23071493,37.46,1363605,28152,0.,"2-Relative"
15570,155621,834107.95,"",0,61.16504854368932,"2-Relative"
15570,22657278,373103.5,35401531,28802,17.47572815533981,"2-Relative"
15570,22747741,955556.05,2625083,884986,85.4368932038835,"2-Relative"
15570,22769643,329063.03,24371101,51441,2.9126213592232943,"2-Relative"
15570,22777972,619697.86,2416287,257930,45.63106796116505,"2-Relative"
15570,22877542,599030.04,51593733,7227,41.747572815533985,"2-Relative"
15570,22878498,880488.34,2416287,722002,67.96116504854368,"2-Relative"
15570,22904568,348236.23,"",0,5.825242718446603,"2-Relative"
15570,22907737,348684.33,2416287,0,11.650485436893206,"2-Relative"
15570,22908185,856273.53,24371101,922986,65.04854368932038,"2-Relative"
15570,22932835,709625.73,"",826752,54.36893203883495,"2-Relative"
15570,23007886,348685.09,2416287,511690,12.62135922330097,"2-Relative"
15570,23021008,379298.95,5439065,259369,19.41747572815534,"2-Relative"
15570,23039776,954011.89,2416287,996584,84.46601941747574,"2-Relative"
15570,23068222,332352.48,"",0,1.9417475728155296,"2-Relative"
15570,23081124,441488.39,2416287,148953,25.24271844660194,"2-Relative"
15570,23082644,382956.58,2416287,617848,20.388349514563103,"2-Relative"
15570,23085372,360511.69,"",264671,14.563106796116514,"2-Relative"
15570,23113532,924213.78,8462689,701137,79.6116504854369,"2-Relative"
15570,23121131,673108.55,2416287,610768,50.48543689320388,"2-Relative"
15570,23129282,499996.63,5439065,211050,30.09708737864078,"2-Relative"
15570,23137550,360739.05,"",148969,15.53398058252428,"2-Relative"
15570,23138763,385823.29,2625083,44238,18.446601941747574,"2-Relative"
15570,23141083,349145.22,2416287,478903,13.59223300970875,"2-Relative"
15570,23141663,360765.56,"",0,16.504854368932044,"2-Relative"
15570,23141803,500432.92,2416287,279211,33.009708737864074,"2-Relative"
15570,23142290,937024.34,2416287,551575,78.64077669902913,"2-Relative"
15648,10467320,1870.15,"",744161,92.17391304347827,"1-Absolute"
15648,22651677,1522.64,67565745,270353,60.,"1-Absolute"
15648,22670500,1254.62,"",8037,6.0869565217391255,"1-Absolute"
15648,22697498,1413.18,"",873958,33.04347826086956,"1-Absolute"
15648,22697616,1417.2,3023624,352834,43.47826086956522,"1-Absolute"
15648,22773144,629.2,3023624,141575,1.3043478260869534,"1-Absolute"
15648,22783762,1282.16,29636118,13597,13.91304347826086,"1-Absolute"
15648,22859100,1403.33,"",430174,33.913043478260875,"1-Absolute"
15648,22870131,1281.64,"",0,19.130434782608702,"1-Absolute"
15648,22887992,1422.85,"",170243,36.52173913043478,"1-Absolute"
15648,22925717,1892.57,3023624,1125501,93.47826086956522,"1-Absolute"
15648,22926913,1477.13,"",413675,50.43478260869565,"1-Absolute"
15648,23010583,1394.42,3023624,933585,30.,"1-Absolute"
15648,23051740,1301.99,1390991,97034,20.434782608695656,"1-Absolute"
15648,23073805,1457.31,24376029,36228,46.08695652173913,"1-Absolute"
15648,23078470,1453.32,3023624,366968,45.652173913043484,"1-Absolute"
15648,23095287,1441.95,3023624,0,41.30434782608695,"1-Absolute"
15648,23103815,1188.97,3023624,25598,4.347826086956516,"1-Absolute"
15648,23120598,1284.45,"",431225,15.65217391304347,"1-Absolute"
15648,23131267,1410.9,"",91473,34.34782608695653,"1-Absolute"
15648,23153685,1400.03,3023624,546824,33.47826086956522,"1-Absolute"
15648,23154252,272.47,1390991,816041,0.8695652173912976,"1-Absolute"
15648,23154357,1441.34,1390991,442357,39.56521739130435,"1-Absolute"
15648,23158804,1678.07,1390991,404906,80.43478260869566,"1-Absolute"
15649,22871352,1528.76,1309675,335227,70.,"1-Absolute"
15649,23001102,1306.73,29554802,39100,10.,"1-Absolute"
15649,23159089,1454.24,"",255584,30.,"1-Absolute"
15649,23159472,1836.42,"",34323,90.,"1-Absolute"
15683,22677219,743501.91,26612494,238983,41.89723320158103,"2-Relative"
15683,22691741,124343.05,"",768455,6.719367588932798,"2-Relative"
15683,22716754,894040.13,33265138,685395,86.95652173913044,"2-Relative"
15683,22742329,5530.5,"",20068,2.3715415019762816,"2-Relative"
15683,22764650,387569.2,"",88166,15.019762845849812,"2-Relative"
15683,22771375,832029.51,"",499667,68.3794466403162,"2-Relative"
15683,22828924,930532.67,"",577514,93.67588932806323,"2-Relative"
15683,22841476,442501.84,"",84532,16.996047430830046,"2-Relative"
15683,22876344,979707.61,30242793,1158362,97.62845849802372,"2-Relative"
15683,22881459,499829.45,"",0,20.948616600790515,"2-Relative"
15683,22891613,567740.9,"",829866,23.715415019762844,"2-Relative"
15683,22925321,1040.39,69035816,0,-0.3952569169960469,"2-Relative"
15683,22931612,726862.68,59104603,730145,38.3399209486166,"2-Relative"
15683,22934100,816007.1,15908412,1041886,62.45059288537549,"2-Relative"
15683,23065235,2532.8,26612494,0,0.7905138339920939,"2-Relative"
15683,23074181,798476.99,"",625700,51.383399209486164,"2-Relative"
15683,23083425,399866.07,26612494,7424,14.229249011857704,"2-Relative"
15683,23104071,806234.25,54270345,8240,62.05533596837945,"2-Relative"
15683,23126751,3654.29,"",0,1.9762845849802346,"2-Relative"
15683,23167584,852394.78,26612494,707739,73.51778656126481,"2-Relative"
15683,23167700,101635.3,"",0,5.928853754940704,"2-Relative"
15683,23167934,685399.43,"",177615,32.015810276679844,"2-Relative"
15683,23168073,898578.8,6787806,406222,87.74703557312253,"2-Relative"
15684,108281,11393.3,"",0,0.,"2-Relative"
15684,23036273,94197.37,"",8190,10.526315789473685,"2-Relative"
15684,23166497,389761.16,"",33345,21.05263157894737,"2-Relative"
15939,21918101,845132.42,3303951,682906,81.81818181818181,"2-Relative"
15939,23095338,86516.78,"",92986,36.36363636363637,"2-Relative"
15939,23156282,595978.99,"",0,72.72727272727273,"2-Relative"
15939,23194546,15598.14,"",0,9.090909090909093,"2-Relative"
15939,23308779,38124.75,"",0,27.272727272727266,"2-Relative"
15939,40001635,145161.66,"",54225,45.45454545454546,"2-Relative"
15939,40014013,257903.66,"",0,54.54545454545455,"2-Relative"
15982,10331061,480308.77,"",798959,57.22891566265061,"2-Relative"
15982,22718833,484865.82,3022345,973274,57.831325301204814,"2-Relative"
15982,22764171,678885.47,28861810,1051519,71.6867469879518,"2-Relative"
15982,22900202,841269.4,"",919606,83.73493975903614,"2-Relative"
15982,22926197,369084.86,"",319390,51.80722891566265,"2-Relative"
15982,23018803,569598.27,3022345,810850,63.25301204819277,"2-Relative"
15982,23018970,575806.13,"",365340,64.45783132530121,"2-Relative"
15982,23063340,9295.96,"",102005,15.06024096385542,"2-Relative"
15982,23184460,32951.43,1566695,336991,34.33734939759037,"2-Relative"
15982,23188114,154995.39,"",60781,43.37349397590361,"2-Relative"
15982,23309301,2131.65,"",0,5.421686746987959,"2-Relative"
15982,40011849,4127.11,3022345,0,9.638554216867462,"2-Relative"
15982,40022035,57.68,"",0,0.6024096385542066,"2-Relative"
15982,40023367,9525.15,1566695,7219,16.265060240963862,"2-Relative"
16445,22697551,1240.39,62491828,130475,63.75,"2-Relative"
16445,22857667,368.31,"",71519,11.875,"2-Relative"
16445,22862541,222.34,"",263120,2.5,"2-Relative"
16445,22908065,421.4,3020026,631746,15.,"2-Relative"
16445,22924560,1684.97,"",1107778,84.375,"2-Relative"
16445,22934999,273.01,"",10709,5.,"2-Relative"
16445,23051360,1326.88,3020026,761354,66.875,"2-Relative"
16445,23095311,679.52,62491828,0,31.875,"2-Relative"
16445,23139057,804.71,"",1033033,35.,"2-Relative"
16445,23145682,1079.27,20561316,808355,49.375,"2-Relative"
16445,23164989,538.95,"",35472,22.5,"2-Relative"
16445,23167065,1765.98,15116457,870664,87.5,"2-Relative"
16445,23186395,396.52,20561316,290795,13.125,"2-Relative"
16445,23282697,765.13,"",42216,33.75,"2-Relative"
16445,23285054,1225.08,3020026,680550,60.625,"2-Relative"
16445,23286857,1246.66,5437518,551957,65.625,"2-Relative"
16445,23287493,515.73,3020026,302145,21.875,"2-Relative"
16445,23287658,492.25,5437518,93298,20.625,"2-Relative"
16445,23288396,231.28,"",0,3.125,"2-Relative"
16445,23304585,460.5,"",855912,16.875,"2-Relative"
16445,23307169,346.68,"",0,10.,"2-Relative"
16445,23309305,1340.67,3020026,668216,68.75,"2-Relative"
16445,23309417,330.44,3020026,0,8.125,"2-Relative"
16445,23309653,462.35,20561316,238671,16.875,"2-Relative"
16445,23327060,1074.9,3020026,326134,50.625,"2-Relative"
16445,40024164,733.39,3020026,554998,33.125,"2-Relative"
16445,40030204,1800.42,3020026,1095648,91.25,"2-Relative"
16445,40075691,431.19,15116457,0,15.625,"2-Relative"
16445,40080274,1605.49,3020026,926943,80.625,"2-Relative"
16445,40103471,393.14,3020026,0,12.5,"2-Relative"
16445,40125327,1055.2,3020026,168290,50.,"2-Relative"
16445,40139225,1109.46,"",353745,52.5,"2-Relative"
16445,40145139,851.05,"",274846,36.25000000000001,"2-Relative"
16445,40170379,330.44,5437518,0,8.125,"2-Relative"
16445,40178642,344.34,"",7262,10.,"2-Relative"
16472,22765382,49853.32,"",86015,27.2189349112426,"2-Relative"
16472,22930305,17911.12,4493695,0,5.917159763313606,"2-Relative"
16472,23021917,50816.7,"",345886,29.585798816568044,"2-Relative"
16472,23193535,154394.06,4493695,432283,59.76331360946745,"2-Relative"
16472,23202936,44601.21,27994455,512997,15.384615384615387,"2-Relative"
16472,23301167,74832.98,15123798,846262,41.42011834319527,"2-Relative"
16472,23309905,59735.24,"",1037410,37.8698224852071,"2-Relative"
16472,23310981,279618.45,"",1031022,69.82248520710058,"2-Relative"
16472,40017208,96613.39,"",376740,48.5207100591716,"2-Relative"
16472,40029122,48536.21,"",7614,21.89349112426035,"2-Relative"
16472,40050441,30806.2,"",211379,9.46745562130178,"2-Relative"
16472,40115343,13111.02,"",0,0.5917159763313578,"2-Relative"
16472,40136338,91693.99,57054310,168993,46.15384615384615,"2-Relative"
16472,40162035,52542.55,"",260995,31.36094674556213,"2-Relative"
16472,40211573,19553.13,"",0,4.73372781065089,"2-Relative"
16472,40215148,49866.21,"",62488,24.852071005917168,"2-Relative"
16472,40215394,54764.89,"",0,33.72781065088756,"2-Relative"
16472,40215672,47187.82,59479572,43098,17.15976331360946,"2-Relative"
16472,40218893,124403.94,"",215676,55.62130177514793,"2-Relative"
16492,15700523,846370.78,"",48522,39.0625,"2-Relative"
16492,22723381,732400.4,"",7515,21.875,"2-Relative"
16492,23190917,208742.17,20476793,1117941,0.,"2-Relative"
16492,23295145,666887.43,79177880,0,12.5,"2-Relative"
16492,40014801,946176.14,2851740,686793,89.0625,"2-Relative"
16492,40058522,818476.34,"",19915,35.9375,"2-Relative"
16492,40188378,907096.28,"",775429,46.875,"2-Relative"
16492,40201270,139731.61,"",967822,-1.5625,"2-Relative"
16492,40208602,939869.16,10630103,1125813,82.8125,"2-Relative"
16492,40235009,912015.51,2851740,682380,62.5,"2-Relative"
16492,40245825,667087.14,"",64004,18.75,"2-Relative"
16492,40246974,967245.1,2851740,627666,90.625,"2-Relative"
16492,40247029,745241.59,29608108,1092030,31.25,"2-Relative"
16492,40256114,718377.78,29608108,0,29.6875,"2-Relative"
16494,22688672,239.79,5444859,11035,15.49295774647888,"1-Absolute"
16494,23066338,274.95,"",72234,18.30985915492957,"1-Absolute"
16494,23067244,556.54,"",80223,57.74647887323944,"1-Absolute"
16494,23141252,735.79,5444859,427208,77.46478873239437,"1-Absolute"
16494,23157799,443.98,"",1121117,40.845070422535215,"1-Absolute"
16494,23188006,429.84,"",7247,39.43661971830986,"1-Absolute"
16494,40082825,311.66,"",545580,21.126760563380287,"1-Absolute"
16494,40094963,370.11,"",159163,23.94366197183099,"1-Absolute"
16494,40098208,114.63,"",0,7.042253521126767,"1-Absolute"
16494,40133410,114.63,"",0,7.042253521126767,"1-Absolute"
16494,40228580,545.45,"",78505,54.92957746478873,"1-Absolute"
16494,40240093,478.45,"",96685,47.887323943661976,"1-Absolute"
16494,40240257,811.47,"",349153,87.32394366197184,"1-Absolute"
16494,40296160,690.49,15291549,80011,76.05633802816902,"1-Absolute"
16494,40299854,237.35,"",303018,16.901408450704224,"1-Absolute"
16494,40300136,383.08,"",85140,32.3943661971831,"1-Absolute"
16494,40304828,80.62,"",0,-1.408450704225345,"1-Absolute"
16702,22743613,210227.26,"",0,14.166666666666671,"2-Relative"
16702,22873934,879484.1,28463036,1031706,82.5,"2-Relative"
16702,23053693,241619.4,3023967,617078,15.833333333333329,"2-Relative"
16702,23169412,818050.36,3023967,763333,63.333333333333336,"2-Relative"
16702,23183443,567228.44,"",752189,40.,"2-Relative"
16702,23310707,298765.02,3023967,117294,20.,"2-Relative"
16702,40095806,325205.05,"",7687,19.16666666666667,"2-Relative"
16702,40130436,402461.39,16981128,166256,27.5,"2-Relative"
16702,40143518,121333.67,"",116082,1.6666666666666714,"2-Relative"
16702,40144256,0,845052,0,-1.6666666666666572,"2-Relative"
16702,40214610,331528.3,3023967,437930,23.33333333333333,"2-Relative"
16702,40221263,180362.92,"",0,10.833333333333329,"2-Relative"
16702,40309917,608668.56,3023967,675122,46.666666666666664,"2-Relative"
16702,40333438,437093.62,"",798510,33.33333333333334,"2-Relative"
16702,40352019,581233.31,"",1152064,42.50000000000001,"2-Relative"
16702,40375027,191870.09,22336963,407804,12.5,"2-Relative"
16702,40397575,52166.47,"",505359,0.,"2-Relative"
16702,40400463,360824.08,"",213189,25.83333333333333,"2-Relative"
16702,40405082,513130.46,16981128,0,37.5,"2-Relative"
16702,40406717,402598.73,3023967,102015,28.33333333333333,"2-Relative"
16704,22852762,222244.69,25424940,0,1.1111111111111143,"2-Relative"
16704,22903001,980510.99,"",293442,71.11111111111111,"2-Relative"
16704,23050241,326837.21,"",0,5.555555555555557,"2-Relative"
16704,23069974,980307.93,25424940,290228,68.88888888888889,"2-Relative"
16704,23139296,848018.98,"",148251,38.888888888888886,"2-Relative"
16704,40435541,888937.04,"",589711,46.666666666666664,"2-Relative"
16704,40445136,408901.08,"",336396,3.3333333333333286,"2-Relative"
16828,22747744,2194.17,"",520675,15.789473684210535,"2-Relative"
16828,22890754,429.73,"",255620,12.280701754385973,"2-Relative"
16828,22893344,180269.36,6652415,720201,70.17543859649123,"2-Relative"
16828,23074006,114.3,"",0,8.771929824561411,"2-Relative"
16828,23088634,114.23,15102694,0,3.5087719298245617,"2-Relative"
16828,23098333,50726.7,"",843872,28.070175438596493,"2-Relative"
16828,40050596,264.13,41719959,401789,10.526315789473685,"2-Relative"
16828,40063963,102573.95,"",677989,45.614035087719294,"2-Relative"
16828,40496312,112.86,"",0,0.,"2-Relative"
16828,40501045,177759.82,"",0,63.15789473684211,"2-Relative"
16857,22853627,590833.51,"",495508,85.71428571428572,"1-Absolute"
16857,22901099,550737.44,"",0,34.920634920634924,"1-Absolute"
16857,23308968,583330.83,2759972,901010,60.317460317460316,"1-Absolute"
16857,40036539,536950.05,"",352442,26.984126984126988,"1-Absolute"
16857,40106381,544105.89,8450279,1151994,28.57142857142857,"1-Absolute"
16857,40208999,305992.94,"",0,3.1746031746031775,"1-Absolute"
16857,40293183,473267.52,4829493,21985,19.04761904761905,"1-Absolute"
16857,40364916,423736.01,"",605987,17.46031746031747,"1-Absolute"
16857,40369412,570576.33,4829493,389662,46.03174603174603,"1-Absolute"
16857,40495683,559993.46,"",971242,36.50793650793651,"1-Absolute"
16857,40501311,590074.82,8450279,826748,79.36507936507937,"1-Absolute"
16857,40527484,319659.26,"",0,4.761904761904773,"1-Absolute"
16857,40527738,396697.72,15707695,641925,11.111111111111114,"1-Absolute"
16857,40527958,514932.82,"",0,25.396825396825392,"1-Absolute"
16857,40528799,547909.31,"",0,31.746031746031747,"1-Absolute"
16857,40532504,576781.71,"",0,52.38095238095239,"1-Absolute"
16857,40532553,1061.27,"",0,-1.5873015873015817,"1-Absolute"
16887,23097729,78873.32,"",0,2.816901408450704,"1-Absolute"
16887,40074802,436465.71,"",336730,26.76056338028168,"1-Absolute"
16887,40145682,295882.88,"",0,8.450704225352112,"1-Absolute"
16887,40163400,1536.82,"",30150,-1.408450704225345,"1-Absolute"
16887,40256564,398191.03,14512343,1195084,18.30985915492957,"1-Absolute"
16887,40339779,509457.23,3620786,640663,70.42253521126761,"1-Absolute"
16887,40411945,136363.88,28422738,324646,7.042253521126767,"1-Absolute"
16887,40443608,504470.8,3620786,354345,60.563380281690144,"1-Absolute"
16887,40511723,423600.56,14512343,273701,25.352112676056336,"1-Absolute"
16887,40513494,502252.18,3620786,255058,57.74647887323944,"1-Absolute"
16887,40527208,441628.6,"",552123,28.16901408450704,"1-Absolute"
16887,40529630,402097.14,"",41021,21.126760563380287,"1-Absolute"
16903,22697669,751240.38,2425262,246797,76.29629629629629,"1-Absolute"
16903,22740367,530.62,"",83635,-0.7407407407407334,"1-Absolute"
16903,22838816,188041.4,"",7419,34.074074074074076,"1-Absolute"
16903,22888586,361838.43,2425262,609247,50.370370370370374,"1-Absolute"
16903,22910325,71484.09,"",448021,20.740740740740733,"1-Absolute"
16903,23004373,664713.66,"",204245,68.14814814814815,"1-Absolute"
16903,23018456,105009.28,"",24059,24.444444444444443,"1-Absolute"
16903,23059200,652865.26,"",107695,66.66666666666667,"1-Absolute"
16903,23065598,219745.74,"",1023709,35.55555555555556,"1-Absolute"
16903,23118372,208360.7,"",44827,33.33333333333334,"1-Absolute"
16903,23129662,14887.71,"",513468,15.555555555555557,"1-Absolute"
16903,23285191,84485.38,2425262,748333,21.48148148148148,"1-Absolute"
16903,23309737,8893.09,2425262,74627,8.888888888888886,"1-Absolute"
16903,40016240,392209.31,24801952,575140,54.074074074074076,"1-Absolute"
16903,40099108,480377,10891557,1019713,57.77777777777778,"1-Absolute"
16903,40394909,1142.19,2425262,1072351,4.444444444444443,"1-Absolute"
16903,40409422,87330.95,"",0,22.962962962962962,"1-Absolute"
16903,40480823,372186.86,2425262,463834,51.851851851851855,"1-Absolute"
16903,40525739,250450.1,"",56836,36.29629629629629,"1-Absolute"
16903,40557524,4122.65,"",0,7.407407407407405,"1-Absolute"
16903,40559053,14522.76,"",568474,14.074074074074076,"1-Absolute"
16903,40564389,410881.26,7257416,114261,54.81481481481482,"1-Absolute"
16903,40565143,441709.36,2425262,877837,55.55555555555556,"1-Absolute"
16903,40565174,672737.88,2425262,969387,70.37037037037038,"1-Absolute"
16903,40565520,518922.52,2425262,689088,59.25925925925926,"1-Absolute"
16928,22848598,428640.78,"",36215,45.63106796116505,"2-Relative"
16928,22864251,82585.44,"",10746,3.883495145631059,"2-Relative"
16928,22895368,808586.41,4832154,429683,83.49514563106796,"2-Relative"
16928,40392652,507687.38,4832154,355361,58.25242718446602,"2-Relative"
16928,40487265,103297.09,"",0,0.9708737864077648,"2-Relative"
16928,40503324,315579.61,"",0,20.388349514563103,"2-Relative"
16928,40572694,304252.43,4832154,72976,21.359223300970882,"2-Relative"
16928,40576855,829675.73,4832154,913833,85.4368932038835,"2-Relative"
16928,40578650,224472.82,"",106669,9.708737864077662,"2-Relative"
16944,22692760,83647.37,"",0,1.754385964912288,"1-Absolute"
16944,23012810,155745.38,"",409657,23.68421052631578,"1-Absolute"
16944,23088109,203157.75,3634141,1167191,46.49122807017544,"1-Absolute"
16944,40039273,183195.89,"",56573,51.75438596491228,"1-Absolute"
16944,40266935,216137.09,"",707922,94.73684210526316,"1-Absolute"
16944,40270926,133677.97,"",24761,4.3859649122806985,"1-Absolute"
16944,40448699,140815.84,"",134767,14.035087719298247,"1-Absolute"
16944,40536959,85362.34,"",0,3.5087719298245617,"1-Absolute"
16944,40581210,110054.23,"",426488,9.649122807017534,"1-Absolute"
16944,40600255,167275.45,"",83589,12.280701754385973,"1-Absolute"
16944,40600514,213856.03,"",523025,59.64912280701755,"1-Absolute"
