stratum,round_id,coder_id,newcomer
3.0,13565,7213681,0
3.0,12198,7213681,0
3.0,12200,7213681,0
3.0,13565,7527926,0
3.0,12200,7527926,0
3.0,13565,8400878,0
3.0,12200,8400878,0
3.0,13565,15635590,0
3.0,12198,15635590,0
3.0,13565,15781032,0
3.0,12198,15781032,0
3.0,12200,15781032,0
3.0,13565,15927969,0
3.0,12200,15927969,0
3.0,13565,21923970,0
3.0,12198,21923970,0
3.0,12200,21923970,0
3.0,13565,22074910,0
3.0,12198,22074910,0
3.0,13565,22685656,0
3.0,12198,22685656,0
3.0,13565,22715204,0
3.0,12198,22715204,0
3.0,13565,22721952,0
3.0,12200,22721952,0
4.0,11136,10039742,0
4.0,14354,10039742,0
4.0,13795,10039742,0
4.0,11136,10435514,0
4.0,14354,10435514,0
4.0,13795,10435514,0
4.0,11136,16058913,0
4.0,13795,16058913,0
4.0,11136,19841837,0
4.0,13795,19841837,0
4.0,11136,20994662,0
4.0,14354,20994662,0
4.0,13795,20994662,0
4.0,11136,21990198,0
4.0,14354,21990198,0
4.0,13795,21990198,0
4.0,11136,22635428,0
4.0,13795,22635428,0
4.0,11136,22660509,0
4.0,13795,22660509,0
4.0,11136,22675206,0
4.0,14354,22675206,0
4.0,11136,22694152,0
4.0,14354,22694152,0
4.0,13795,22694152,0
4.0,11136,22713340,0
4.0,13795,22713340,0
5.0,13923,8436045,0
5.0,14455,8436045,0
5.0,13923,13274356,0
5.0,14455,13274356,0
5.0,12204,13274356,0
5.0,13709,13274356,0
5.0,13923,15781032,0
5.0,14455,15781032,0
5.0,12204,15781032,0
5.0,13709,15781032,0
5.0,13923,15795618,0
5.0,13709,15795618,0
5.0,13923,16064986,0
5.0,12204,16064986,0
5.0,13709,16064986,0
5.0,13923,20771416,0
5.0,13709,20771416,0
5.0,13923,21162075,0
5.0,13709,21162075,0
5.0,13923,22504845,0
5.0,12204,22504845,0
5.0,13923,22635428,0
5.0,12204,22635428,0
5.0,13923,22640357,0
5.0,12204,22640357,0
5.0,13923,22656472,0
5.0,12204,22656472,0
5.0,13709,22656472,0
5.0,13923,22657314,0
5.0,13709,22657314,0
5.0,13923,22675206,0
5.0,13709,22675206,0
5.0,13923,22679947,0
5.0,14455,22679947,0
5.0,13923,22694152,0
5.0,13709,22694152,0
5.0,13923,22694284,0
5.0,12204,22694284,0
5.0,13923,22694931,0
5.0,13709,22694931,0
5.0,13923,22715204,0
5.0,12204,22715204,0
5.0,13709,22715204,0
5.0,13923,22744421,0
5.0,13709,22744421,0
5.0,13923,22748650,0
5.0,13709,22748650,0
5.0,13923,22754587,0
5.0,13709,22754587,0
5.0,13923,22826277,0
5.0,14455,22826277,0
6.0,16887,141650,0
6.0,16702,141650,0
6.0,16704,141650,0
6.0,16887,282718,0
6.0,16702,282718,0
6.0,16704,282718,0
6.0,16887,7213681,0
6.0,13768,7213681,0
6.0,16702,7213681,0
6.0,16704,7213681,0
6.0,16887,13274356,0
6.0,16702,13274356,0
6.0,16704,13274356,0
6.0,16887,14883513,0
6.0,16702,14883513,0
6.0,16887,16017427,0
6.0,16702,16017427,0
6.0,16704,16017427,0
6.0,16887,19740398,0
6.0,13768,19740398,0
6.0,16887,20315020,0
6.0,16702,20315020,0
6.0,16704,20315020,0
6.0,16887,20555484,0
6.0,16702,20555484,0
6.0,16887,21688563,0
6.0,16702,21688563,0
6.0,16887,22389733,0
6.0,16702,22389733,0
6.0,16887,22653720,0
6.0,16704,22653720,0
6.0,16887,22673613,0
6.0,16702,22673613,0
6.0,16704,22673613,0
6.0,16887,22727735,0
6.0,13768,22727735,0
6.0,16704,22727735,0
6.0,16887,22729239,0
6.0,16702,22729239,0
6.0,16704,22729239,0
6.0,16887,22739971,0
6.0,16702,22739971,0
6.0,16704,22739971,0
6.0,16887,22748044,0
6.0,16702,22748044,0
6.0,16704,22748044,0
6.0,16887,22768223,0
6.0,16702,22768223,0
6.0,16704,22768223,0
6.0,16887,22827765,0
6.0,16702,22827765,0
6.0,16704,22827765,0
6.0,16887,22828541,0
6.0,16702,22828541,0
6.0,16704,22828541,0
6.0,16887,22846688,0
6.0,16702,22846688,0
6.0,16704,22846688,0
6.0,16887,22906664,0
6.0,16702,22906664,0
6.0,16704,22906664,0
6.0,16887,22912209,0
6.0,16702,22912209,0
6.0,16704,22912209,0
6.0,16887,22924522,0
6.0,16702,22924522,0
6.0,16704,22924522,0
6.0,16887,22931891,0
6.0,16704,22931891,0
6.0,16887,23014542,0
6.0,16704,23014542,0
6.0,16887,23100980,0
6.0,16702,23100980,0
6.0,16704,23100980,0
6.0,16887,23122212,0
6.0,16702,23122212,0
6.0,16704,23122212,0
6.0,16887,23193535,0
6.0,16704,23193535,0
6.0,16887,23285989,0
6.0,16702,23285989,0
6.0,16704,23285989,0
6.0,16887,40007407,0
6.0,16702,40007407,0
6.0,16887,40382260,0
6.0,16702,40382260,0
7.0,13872,7213681,0
7.0,15154,7213681,0
7.0,17020,7213681,0
7.0,13872,10597114,0
7.0,14275,10597114,0
7.0,15154,10597114,0
7.0,17020,10597114,0
7.0,13872,11789293,0
7.0,14275,11789293,0
7.0,15154,11789293,0
7.0,17020,11789293,0
7.0,14275,19849563,0
7.0,15154,19849563,0
7.0,14275,22653720,0
7.0,15154,22653720,0
7.0,17020,22653720,0
7.0,14275,22682274,0
7.0,15154,22682274,0
7.0,17020,22682274,0
7.0,14275,22689544,0
7.0,15154,22689544,0
8.0,14264,20337184,0
8.0,15137,20337184,0
8.0,13897,21990198,0
8.0,15137,21990198,0
8.0,13897,22677203,0
8.0,15137,22677203,0
8.0,13897,22697599,0
8.0,14264,22697599,0
8.0,15137,22697599,0
8.0,14264,22703486,0
8.0,15137,22703486,0
8.0,13897,22713690,0
8.0,15137,22713690,0
8.0,14264,22721513,0
8.0,15137,22721513,0
8.0,14264,22741614,0
8.0,15137,22741614,0
8.0,14264,22846762,0
8.0,15137,22846762,0
9.0,13964,153555,0
9.0,14672,153555,0
9.0,13964,7213681,0
9.0,14412,7213681,0
9.0,14672,7213681,0
9.0,13964,7461533,0
9.0,14412,7461533,0
9.0,14672,7461533,0
9.0,13964,14883513,0
9.0,14412,14883513,0
9.0,13964,15781032,0
9.0,14412,15781032,0
9.0,14672,15781032,0
9.0,13964,15795618,0
9.0,14412,15795618,0
9.0,13964,20994662,0
9.0,14412,20994662,0
9.0,14672,20994662,0
9.0,13964,21972336,0
9.0,14412,21972336,0
9.0,13964,21990198,0
9.0,14412,21990198,0
9.0,14672,21990198,0
9.0,13964,22000198,0
9.0,14672,22000198,0
9.0,13964,22020968,0
9.0,14672,22020968,0
9.0,13964,22656472,0
9.0,14412,22656472,0
9.0,14672,22656472,0
9.0,13964,22659422,0
9.0,14412,22659422,0
9.0,13964,22662340,0
9.0,14672,22662340,0
9.0,13964,22663371,0
9.0,14412,22663371,0
9.0,13964,22685656,0
9.0,14412,22685656,0
9.0,13964,22696357,0
9.0,14412,22696357,0
9.0,13964,22703486,0
9.0,14412,22703486,0
9.0,13964,22706183,0
9.0,14412,22706183,0
9.0,13964,22718258,0
9.0,14412,22718258,0
9.0,13964,22736320,0
9.0,14412,22736320,0
9.0,13964,22736823,0
9.0,14412,22736823,0
9.0,14672,22736823,0
9.0,13964,22744390,0
9.0,14412,22744390,0
9.0,13964,22744421,0
9.0,14412,22744421,0
9.0,14672,22744421,0
9.0,13964,22751549,0
9.0,14412,22751549,0
9.0,14672,22751549,0
9.0,13964,22754542,0
9.0,14412,22754542,0
9.0,13964,22765808,0
9.0,14412,22765808,0
9.0,13964,22771489,0
9.0,14672,22771489,0
9.0,13964,22777893,0
9.0,14412,22777893,0
9.0,13964,22826277,0
9.0,14412,22826277,0
9.0,14672,22826277,0
9.0,13964,22827377,0
9.0,14412,22827377,0
9.0,14672,22827377,0
9.0,13964,22827870,0
9.0,14412,22827870,0
9.0,13964,22827914,0
9.0,14412,22827914,0
9.0,13964,22828354,0
9.0,14412,22828354,0
9.0,14672,22828354,0
9.0,13964,22830065,0
9.0,14412,22830065,0
9.0,14672,22830065,0
10.0,16494,7213681,0
10.0,16495,7213681,0
10.0,16857,7213681,0
10.0,16903,7213681,0
10.0,15570,7213681,0
10.0,16494,13274356,0
10.0,16495,13274356,0
10.0,16857,13274356,0
10.0,15570,13274356,0
10.0,16903,15781032,0
10.0,15570,15781032,0
10.0,16903,15896190,0
10.0,15570,15896190,0
10.0,16903,20994662,0
10.0,15570,20994662,0
10.0,16494,21688563,0
10.0,16495,21688563,0
10.0,15570,21688563,0
10.0,16857,21971539,0
10.0,15570,21971539,0
10.0,16857,22662340,0
10.0,15570,22662340,0
10.0,16494,22704094,0
10.0,16495,22704094,0
10.0,16857,22704094,0
10.0,16903,22704094,0
10.0,15570,22704094,0
10.0,16903,22727735,0
10.0,15570,22727735,0
10.0,16494,22729239,0
10.0,16495,22729239,0
10.0,16857,22729239,0
10.0,16903,22729239,0
10.0,15570,22729239,0
10.0,16903,22744169,0
10.0,15570,22744169,0
10.0,16495,22744421,0
10.0,16903,22744421,0
10.0,15570,22744421,0
10.0,16494,22774534,0
10.0,15570,22774534,0
10.0,16495,22832482,0
10.0,15570,22832482,0
10.0,16494,22846688,0
10.0,16857,22846688,0
10.0,16903,22846688,0
10.0,15570,22846688,0
10.0,16494,22868771,0
10.0,16495,22868771,0
10.0,16903,22868771,0
10.0,15570,22868771,0
10.0,16857,22909326,0
10.0,15570,22909326,0
10.0,16903,22912209,0
10.0,15570,22912209,0
10.0,16857,23002583,0
10.0,16903,23002583,0
10.0,15570,23002583,0
10.0,16494,23019003,0
10.0,16495,23019003,0
10.0,15570,23019003,0
10.0,16903,23062527,0
10.0,15570,23062527,0
10.0,16494,23100980,0
10.0,16495,23100980,0
10.0,16857,23100980,0
10.0,16903,23100980,0
10.0,15570,23100980,0
10.0,16903,23128490,0
10.0,15570,23128490,0
11.0,14273,138663,0
11.0,14556,138663,0
11.0,14273,153555,0
11.0,14556,153555,0
11.0,14273,269991,0
11.0,14556,269991,0
11.0,14273,274023,0
11.0,14556,274023,0
11.0,14273,274498,0
11.0,14556,274498,0
11.0,14273,282718,0
11.0,14556,282718,0
11.0,14273,283329,0
11.0,14556,283329,0
11.0,14273,307060,0
11.0,14556,307060,0
11.0,14273,311664,0
11.0,14556,311664,0
11.0,14273,7213681,0
11.0,14556,7213681,0
11.0,14273,7313615,0
11.0,14556,7313615,0
11.0,14273,7359397,0
11.0,14556,7359397,0
11.0,14273,7394165,0
11.0,14556,7394165,0
11.0,14273,7454301,0
11.0,14556,7454301,0
11.0,14273,7459080,0
11.0,14556,7459080,0
11.0,14273,7459326,0
11.0,14556,7459326,0
11.0,14273,7461533,0
11.0,14556,7461533,0
11.0,14273,7462740,0
11.0,14556,7462740,0
11.0,14273,9928945,0
11.0,14556,9928945,0
11.0,14273,9987185,0
11.0,14556,9987185,0
11.0,14273,10039742,0
11.0,14556,10039742,0
11.0,14273,10403062,0
11.0,14556,10403062,0
11.0,14273,10435514,0
11.0,14556,10435514,0
11.0,14273,10597114,0
11.0,14556,10597114,0
11.0,14273,10600282,0
11.0,14556,10600282,0
11.0,14273,11789293,0
11.0,14556,11789293,0
11.0,14273,11818890,0
11.0,14556,11818890,0
11.0,14273,11854576,0
11.0,14556,11854576,0
11.0,14273,13274356,0
11.0,14556,13274356,0
11.0,14273,13358674,0
11.0,14556,13358674,0
11.0,14273,14822038,0
11.0,14556,14822038,0
11.0,14273,14927744,0
11.0,14556,14927744,0
11.0,14273,15015775,0
11.0,14556,15015775,0
11.0,14273,15584662,0
11.0,14556,15584662,0
11.0,14273,15720333,0
11.0,14556,15720333,0
11.0,14273,15781032,0
11.0,14556,15781032,0
11.0,14273,15795618,0
11.0,14556,15795618,0
11.0,14273,15803924,0
11.0,14556,15803924,0
11.0,14273,15881985,0
11.0,14556,15881985,0
11.0,14273,15927969,0
11.0,14556,15927969,0
11.0,14273,15982182,0
11.0,14556,15982182,0
11.0,14273,19740398,0
11.0,14556,19740398,0
11.0,14273,19849563,0
11.0,14556,19849563,0
11.0,14273,20021664,0
11.0,14556,20021664,0
11.0,14273,20156359,0
11.0,14556,20156359,0
11.0,14273,20342742,0
11.0,14556,20342742,0
11.0,14273,20436799,0
11.0,14556,20436799,0
11.0,14273,20639245,0
11.0,14556,20639245,0
11.0,14273,20771416,0
11.0,14556,20771416,0
11.0,14273,20783604,0
11.0,14556,20783604,0
11.0,14273,20994662,0
11.0,14556,20994662,0
11.0,14273,21050879,0
11.0,14556,21050879,0
11.0,14273,21179827,0
11.0,14556,21179827,0
11.0,14273,21465056,0
11.0,14556,21465056,0
11.0,14273,21651807,0
11.0,14556,21651807,0
11.0,14273,21874802,0
11.0,14556,21874802,0
11.0,14273,21913678,0
11.0,14556,21913678,0
11.0,14273,22000198,0
11.0,14556,22000198,0
11.0,14273,22074760,0
11.0,14556,22074760,0
11.0,14273,22074910,0
11.0,14556,22074910,0
11.0,14273,22359623,0
11.0,14556,22359623,0
11.0,14273,22389733,0
11.0,14556,22389733,0
11.0,14273,22640357,0
11.0,14556,22640357,0
11.0,14273,22651620,0
11.0,14556,22651620,0
11.0,14273,22653720,0
11.0,14556,22653720,0
11.0,14273,22653739,0
11.0,14556,22653739,0
11.0,14273,22655287,0
11.0,14556,22655287,0
11.0,14273,22656472,0
11.0,14556,22656472,0
11.0,14273,22657769,0
11.0,14556,22657769,0
11.0,14273,22658761,0
11.0,14556,22658761,0
11.0,14273,22659060,0
11.0,14556,22659060,0
11.0,14273,22661750,0
11.0,14556,22661750,0
11.0,14273,22662340,0
11.0,14556,22662340,0
11.0,14273,22664154,0
11.0,14556,22664154,0
11.0,14273,22672561,0
11.0,14556,22672561,0
11.0,14273,22675206,0
11.0,14556,22675206,0
11.0,14273,22675302,0
11.0,14556,22675302,0
11.0,14273,22677203,0
11.0,14556,22677203,0
11.0,14273,22678042,0
11.0,14556,22678042,0
11.0,14273,22678849,0
11.0,14556,22678849,0
11.0,14273,22679718,0
11.0,14556,22679718,0
11.0,14273,22682274,0
11.0,14556,22682274,0
11.0,14273,22685656,0
11.0,14556,22685656,0
11.0,14273,22689544,0
11.0,14556,22689544,0
11.0,14273,22692969,0
11.0,14556,22692969,0
11.0,14273,22694152,0
11.0,14556,22694152,0
11.0,14273,22694931,0
11.0,14556,22694931,0
11.0,14273,22696096,0
11.0,14556,22696096,0
11.0,14273,22696564,0
11.0,14556,22696564,0
11.0,14273,22697599,0
11.0,14556,22697599,0
11.0,14273,22700085,0
11.0,14556,22700085,0
11.0,14273,22707497,0
11.0,14556,22707497,0
11.0,14273,22713690,0
11.0,14556,22713690,0
11.0,14273,22722755,0
11.0,14556,22722755,0
11.0,14273,22727735,0
11.0,14556,22727735,0
11.0,14273,22736823,0
11.0,14556,22736823,0
11.0,14273,22744421,0
11.0,14556,22744421,0
11.0,14273,22749323,0
11.0,14556,22749323,0
11.0,14273,22750802,0
11.0,14556,22750802,0
11.0,14273,22751549,0
11.0,14556,22751549,0
11.0,14273,22751723,0
11.0,14556,22751723,0
11.0,14273,22768223,0
11.0,14556,22768223,0
11.0,14273,22774457,0
11.0,14556,22774457,0
11.0,14273,22777893,0
11.0,14556,22777893,0
11.0,14273,22826277,0
11.0,14556,22826277,0
11.0,14273,22828354,0
11.0,14556,22828354,0
11.0,14273,22832482,0
11.0,14556,22832482,0
11.0,14273,22837286,0
11.0,14556,22837286,0
11.0,14273,22838856,0
11.0,14556,22838856,0
11.0,14273,22841230,0
11.0,14556,22841230,0
11.0,14273,22855897,0
11.0,14556,22855897,0
11.0,14273,22870259,0
11.0,14556,22870259,0
11.0,14273,22874858,0
11.0,14556,22874858,0
13.0,15648,269991,0
13.0,15683,269991,0
13.0,15648,274498,0
13.0,15683,274498,0
13.0,15982,274498,0
13.0,15648,276230,0
13.0,15683,276230,0
13.0,15825,276230,0
13.0,16445,276230,0
13.0,16472,276230,0
13.0,15648,283329,0
13.0,15683,283329,0
13.0,15825,283329,0
13.0,15982,283329,0
13.0,15648,7461533,0
13.0,15683,7461533,0
13.0,16445,7461533,0
13.0,15648,8436045,0
13.0,15683,8436045,0
13.0,15648,8522467,0
13.0,15982,8522467,0
13.0,15648,8556305,0
13.0,15683,8556305,0
13.0,15825,8556305,0
13.0,15982,8556305,0
13.0,15648,10046653,0
13.0,15683,10046653,0
13.0,16445,10046653,0
13.0,16472,10046653,0
13.0,15648,10435514,0
13.0,15683,10435514,0
13.0,15648,10597114,0
13.0,16445,10597114,0
13.0,15648,11780323,0
13.0,15683,11780323,0
13.0,15648,13274356,0
13.0,15683,13274356,0
13.0,15825,13274356,0
13.0,15982,13274356,0
13.0,16472,13274356,0
13.0,15648,13298470,0
13.0,15683,13298470,0
13.0,15982,13298470,0
13.0,16445,13298470,0
13.0,16472,13298470,0
13.0,15648,13351270,0
13.0,15683,13351270,0
13.0,15982,13351270,0
13.0,16472,13351270,0
13.0,15648,14927744,0
13.0,15683,14927744,0
13.0,15982,14927744,0
13.0,16445,14927744,0
13.0,16472,14927744,0
13.0,15648,14991227,0
13.0,15683,14991227,0
13.0,16445,14991227,0
13.0,16472,14991227,0
13.0,15648,15781032,0
13.0,15683,15781032,0
13.0,15825,15781032,0
13.0,15982,15781032,0
13.0,16445,15781032,0
13.0,16472,15781032,0
13.0,15648,15881985,0
13.0,15982,15881985,0
13.0,15648,15896190,0
13.0,15683,15896190,0
13.0,15825,15896190,0
13.0,15982,15896190,0
13.0,16472,15896190,0
13.0,15648,16017427,0
13.0,15683,16017427,0
13.0,15648,19740398,0
13.0,15683,19740398,0
13.0,15648,20539063,0
13.0,15683,20539063,0
13.0,15982,20539063,0
13.0,16472,20539063,0
13.0,15648,20549004,0
13.0,15683,20549004,0
13.0,15648,20783604,0
13.0,15683,20783604,0
13.0,16445,20783604,0
13.0,15648,20994662,0
13.0,15683,20994662,0
13.0,15825,20994662,0
13.0,15982,20994662,0
13.0,16472,20994662,0
13.0,15648,21029913,0
13.0,15683,21029913,0
13.0,15648,21114351,0
13.0,16445,21114351,0
13.0,16472,21114351,0
13.0,15648,21159810,0
13.0,15683,21159810,0
13.0,15982,21159810,0
13.0,15648,21179827,0
13.0,15683,21179827,0
13.0,15982,21179827,0
13.0,16445,21179827,0
13.0,16472,21179827,0
13.0,15648,21688563,0
13.0,15982,21688563,0
13.0,16472,21688563,0
13.0,15648,21990198,0
13.0,15683,21990198,0
13.0,15648,22000198,0
13.0,15683,22000198,0
13.0,15825,22000198,0
13.0,15982,22000198,0
13.0,15648,22389733,0
13.0,15683,22389733,0
13.0,15825,22389733,0
13.0,15982,22389733,0
13.0,16472,22389733,0
13.0,15648,22630490,0
13.0,15683,22630490,0
13.0,15825,22630490,0
13.0,15648,22638533,0
13.0,15683,22638533,0
13.0,16472,22638533,0
13.0,15648,22651906,0
13.0,16445,22651906,0
13.0,15648,22652965,0
13.0,15683,22652965,0
13.0,15648,22653720,0
13.0,15683,22653720,0
13.0,15648,22653739,0
13.0,15683,22653739,0
13.0,15648,22653857,0
13.0,15683,22653857,0
13.0,15648,22656472,0
13.0,15683,22656472,0
13.0,15982,22656472,0
13.0,15648,22659583,0
13.0,15683,22659583,0
13.0,15982,22659583,0
13.0,15648,22671296,0
13.0,15683,22671296,0
13.0,16472,22671296,0
13.0,15648,22672408,0
13.0,15683,22672408,0
13.0,16472,22672408,0
13.0,15648,22673613,0
13.0,15683,22673613,0
13.0,16445,22673613,0
13.0,16472,22673613,0
13.0,15648,22674904,0
13.0,15683,22674904,0
13.0,15825,22674904,0
13.0,15648,22682274,0
13.0,15982,22682274,0
13.0,16445,22682274,0
13.0,15648,22686590,0
13.0,15683,22686590,0
13.0,15648,22689976,0
13.0,15982,22689976,0
13.0,16445,22689976,0
13.0,16472,22689976,0
13.0,15648,22694931,0
13.0,15683,22694931,0
13.0,15982,22694931,0
13.0,15648,22696357,0
13.0,15825,22696357,0
13.0,15648,22696908,0
13.0,15982,22696908,0
13.0,15648,22697421,0
13.0,15683,22697421,0
13.0,15648,22699234,0
13.0,15683,22699234,0
13.0,15648,22703486,0
13.0,15683,22703486,0
13.0,15648,22704094,0
13.0,15683,22704094,0
13.0,15825,22704094,0
13.0,15982,22704094,0
13.0,16445,22704094,0
13.0,16472,22704094,0
13.0,15648,22705227,0
13.0,15683,22705227,0
13.0,15982,22705227,0
13.0,16472,22705227,0
13.0,15648,22713690,0
13.0,15683,22713690,0
13.0,15648,22715204,0
13.0,15683,22715204,0
13.0,15982,22715204,0
13.0,15648,22718910,0
13.0,15683,22718910,0
13.0,15825,22718910,0
13.0,15982,22718910,0
13.0,16445,22718910,0
13.0,16472,22718910,0
13.0,15648,22720177,0
13.0,15683,22720177,0
13.0,15648,22721536,0
13.0,15825,22721536,0
13.0,15648,22729239,0
13.0,15683,22729239,0
13.0,15825,22729239,0
13.0,15982,22729239,0
13.0,16445,22729239,0
13.0,16472,22729239,0
13.0,15648,22736385,0
13.0,15683,22736385,0
13.0,15825,22736385,0
13.0,15982,22736385,0
13.0,15648,22736823,0
13.0,15825,22736823,0
13.0,15982,22736823,0
13.0,16445,22736823,0
13.0,15648,22739664,0
13.0,15683,22739664,0
13.0,15982,22739664,0
13.0,15648,22740438,0
13.0,15982,22740438,0
13.0,16445,22740438,0
13.0,15648,22741614,0
13.0,15683,22741614,0
13.0,15982,22741614,0
13.0,16472,22741614,0
13.0,15648,22744421,0
13.0,15683,22744421,0
13.0,15982,22744421,0
13.0,16445,22744421,0
13.0,16472,22744421,0
13.0,15648,22745629,0
13.0,15683,22745629,0
13.0,15648,22746803,0
13.0,15683,22746803,0
13.0,15648,22747080,0
13.0,15683,22747080,0
13.0,15648,22748044,0
13.0,15683,22748044,0
13.0,15825,22748044,0
13.0,16445,22748044,0
13.0,16472,22748044,0
13.0,15648,22756524,0
13.0,15683,22756524,0
13.0,15982,22756524,0
13.0,15648,22769598,0
13.0,15683,22769598,0
13.0,15825,22769598,0
13.0,16445,22769598,0
13.0,15648,22774534,0
13.0,15683,22774534,0
13.0,15825,22774534,0
13.0,15982,22774534,0
13.0,16445,22774534,0
13.0,16472,22774534,0
13.0,15648,22774825,0
13.0,15683,22774825,0
13.0,15648,22777520,0
13.0,15683,22777520,0
13.0,15982,22777520,0
13.0,15648,22824912,0
13.0,15683,22824912,0
13.0,15648,22825875,0
13.0,15683,22825875,0
13.0,15982,22825875,0
13.0,15648,22826277,0
13.0,15683,22826277,0
13.0,15648,22828541,0
13.0,15683,22828541,0
13.0,15825,22828541,0
13.0,15982,22828541,0
13.0,16445,22828541,0
13.0,16472,22828541,0
13.0,15648,22832482,0
13.0,15683,22832482,0
13.0,15982,22832482,0
13.0,16445,22832482,0
13.0,15648,22833021,0
13.0,15683,22833021,0
13.0,16472,22833021,0
13.0,15648,22836556,0
13.0,15683,22836556,0
13.0,15648,22836875,0
13.0,15683,22836875,0
13.0,15648,22837798,0
13.0,15683,22837798,0
13.0,15648,22842409,0
13.0,16472,22842409,0
13.0,15648,22846688,0
13.0,15683,22846688,0
13.0,15982,22846688,0
13.0,16445,22846688,0
13.0,16472,22846688,0
13.0,15648,22850782,0
13.0,15683,22850782,0
13.0,15982,22850782,0
13.0,16445,22850782,0
13.0,16472,22850782,0
13.0,15648,22856251,0
13.0,15982,22856251,0
13.0,15648,22862136,0
13.0,16472,22862136,0
13.0,15648,22868771,0
13.0,15683,22868771,0
13.0,15825,22868771,0
13.0,15982,22868771,0
13.0,16445,22868771,0
13.0,16472,22868771,0
13.0,15648,22874653,0
13.0,15683,22874653,0
13.0,15825,22874653,0
13.0,16445,22874653,0
13.0,16472,22874653,0
13.0,15648,22874914,0
13.0,15683,22874914,0
13.0,15982,22874914,0
13.0,15648,22875240,0
13.0,15825,22875240,0
13.0,16472,22875240,0
13.0,15648,22877779,0
13.0,16445,22877779,0
13.0,15648,22878498,0
13.0,15683,22878498,0
13.0,15825,22878498,0
13.0,15982,22878498,0
13.0,16445,22878498,0
13.0,15648,22884313,0
13.0,16472,22884313,0
13.0,15648,22898655,0
13.0,15683,22898655,0
13.0,16472,22898655,0
13.0,15648,22905028,0
13.0,15825,22905028,0
13.0,15648,22906557,0
13.0,15683,22906557,0
13.0,15648,22906664,0
13.0,15683,22906664,0
13.0,15825,22906664,0
13.0,15982,22906664,0
13.0,16445,22906664,0
13.0,16472,22906664,0
13.0,15648,22908603,0
13.0,15683,22908603,0
13.0,15648,22909691,0
13.0,15683,22909691,0
13.0,15648,22918966,0
13.0,15683,22918966,0
13.0,16445,22918966,0
13.0,15648,22919573,0
13.0,15683,22919573,0
13.0,15648,22921568,0
13.0,15683,22921568,0
13.0,15825,22921568,0
13.0,15648,22923054,0
13.0,15683,22923054,0
13.0,15825,22923054,0
13.0,15982,22923054,0
13.0,16445,22923054,0
13.0,16472,22923054,0
13.0,15648,22929407,0
13.0,15683,22929407,0
13.0,15982,22929407,0
13.0,16445,22929407,0
13.0,15648,23000260,0
13.0,15683,23000260,0
13.0,15982,23000260,0
13.0,15648,23004554,0
13.0,15825,23004554,0
13.0,15648,23006231,0
13.0,15683,23006231,0
13.0,15648,23006357,0
13.0,16472,23006357,0
13.0,15648,23007886,0
13.0,15683,23007886,0
13.0,15982,23007886,0
13.0,16445,23007886,0
13.0,15648,23012630,0
13.0,15683,23012630,0
13.0,15825,23012630,0
13.0,15982,23012630,0
13.0,16445,23012630,0
13.0,16472,23012630,0
13.0,15648,23019003,0
13.0,15683,23019003,0
13.0,15825,23019003,0
13.0,15982,23019003,0
13.0,16445,23019003,0
13.0,16472,23019003,0
13.0,15648,23025860,0
13.0,15825,23025860,0
13.0,15648,23026506,0
13.0,15683,23026506,0
13.0,15825,23026506,0
13.0,15982,23026506,0
13.0,16445,23026506,0
13.0,15648,23031806,0
13.0,15683,23031806,0
13.0,15825,23031806,0
13.0,15982,23031806,0
13.0,16445,23031806,0
13.0,16472,23031806,0
13.0,15648,23039776,0
13.0,15683,23039776,0
13.0,15648,23044168,0
13.0,15825,23044168,0
13.0,15648,23051610,0
13.0,15683,23051610,0
13.0,15825,23051610,0
13.0,15648,23052698,0
13.0,15683,23052698,0
13.0,15825,23052698,0
13.0,15982,23052698,0
13.0,15648,23057753,0
13.0,15683,23057753,0
13.0,15825,23057753,0
13.0,15648,23081124,0
13.0,15825,23081124,0
13.0,15648,23087578,0
13.0,15683,23087578,0
13.0,15825,23087578,0
13.0,15982,23087578,0
13.0,16445,23087578,0
13.0,16472,23087578,0
13.0,15648,23089475,0
13.0,15683,23089475,0
13.0,15982,23089475,0
13.0,15648,23095881,0
13.0,15683,23095881,0
13.0,15648,23100980,0
13.0,15683,23100980,0
13.0,15825,23100980,0
13.0,15982,23100980,0
13.0,16445,23100980,0
13.0,16472,23100980,0
13.0,15648,23105580,0
13.0,15683,23105580,0
13.0,16445,23105580,0
13.0,15648,23110486,0
13.0,15825,23110486,0
13.0,15648,23122212,0
13.0,15683,23122212,0
13.0,15825,23122212,0
13.0,15982,23122212,0
13.0,16445,23122212,0
13.0,16472,23122212,0
13.0,15648,23128776,0
13.0,15683,23128776,0
13.0,15825,23128776,0
13.0,15982,23128776,0
13.0,16445,23128776,0
13.0,16472,23128776,0
13.0,15648,23128880,0
13.0,15683,23128880,0
13.0,15825,23128880,0
13.0,15982,23128880,0
13.0,16445,23128880,0
13.0,16472,23128880,0
13.0,15648,23141803,0
13.0,15683,23141803,0
13.0,15982,23141803,0
13.0,16445,23141803,0
13.0,16472,23141803,0
13.0,15648,23143943,0
13.0,15825,23143943,0
13.0,15648,23149077,0
13.0,15683,23149077,0
13.0,15825,23149077,0
13.0,16445,23149077,0
14.0,15649,7213681,0
14.0,15684,7213681,0
14.0,15649,21162075,0
14.0,15684,21162075,0
15.0,16944,141650,0
15.0,16928,141650,0
15.0,16944,158782,0
15.0,16828,158782,0
15.0,16928,158782,0
15.0,16944,7213681,0
15.0,16828,7213681,0
15.0,16928,7213681,0
15.0,16944,7394165,0
15.0,16928,7394165,0
15.0,16944,7442498,0
15.0,16928,7442498,0
15.0,16944,7461533,0
15.0,16828,7461533,0
15.0,16944,7527926,0
15.0,16928,7527926,0
15.0,16944,8436045,0
15.0,16928,8436045,0
15.0,16944,10544397,0
15.0,16928,10544397,0
15.0,16944,10600282,0
15.0,16928,10600282,0
15.0,16944,11789293,0
15.0,16928,11789293,0
15.0,16944,13274356,0
15.0,16828,13274356,0
15.0,16928,13274356,0
15.0,16944,14927744,0
15.0,16928,14927744,0
15.0,16944,14991227,0
15.0,16928,14991227,0
15.0,16944,16017427,0
15.0,16828,16017427,0
15.0,16928,16017427,0
15.0,16944,19740398,0
15.0,16928,19740398,0
15.0,16944,20315020,0
15.0,16828,20315020,0
15.0,16928,20315020,0
15.0,16944,20994662,0
15.0,16928,20994662,0
15.0,16944,21114351,0
15.0,16928,21114351,0
15.0,16944,22263204,0
15.0,16928,22263204,0
15.0,16944,22651620,0
15.0,16928,22651620,0
15.0,16944,22653042,0
15.0,16928,22653042,0
15.0,16944,22671337,0
15.0,16928,22671337,0
15.0,16944,22673613,0
15.0,16928,22673613,0
15.0,16944,22704094,0
15.0,16928,22704094,0
15.0,16944,22705227,0
15.0,16928,22705227,0
15.0,16944,22718833,0
15.0,16928,22718833,0
15.0,16944,22718910,0
15.0,16828,22718910,0
15.0,16944,22727735,0
15.0,16928,22727735,0
15.0,16944,22729239,0
15.0,16828,22729239,0
15.0,16928,22729239,0
15.0,16944,22744169,0
15.0,16828,22744169,0
15.0,16928,22744169,0
15.0,16944,22744421,0
15.0,16828,22744421,0
15.0,16928,22744421,0
15.0,16944,22748044,0
15.0,16928,22748044,0
15.0,16944,22779022,0
15.0,16928,22779022,0
15.0,16944,22827765,0
15.0,16928,22827765,0
15.0,16944,22846688,0
15.0,16828,22846688,0
15.0,16928,22846688,0
15.0,16944,22871352,0
15.0,16828,22871352,0
15.0,16928,22871352,0
15.0,16944,22888586,0
15.0,16928,22888586,0
15.0,16944,22906337,0
15.0,16928,22906337,0
15.0,16944,22912209,0
15.0,16928,22912209,0
15.0,16944,22924522,0
15.0,16828,22924522,0
15.0,16928,22924522,0
15.0,16944,22926186,0
15.0,16928,22926186,0
15.0,16944,23016887,0
15.0,16928,23016887,0
15.0,16944,23100980,0
15.0,16828,23100980,0
15.0,16928,23100980,0
15.0,16944,23122212,0
15.0,16828,23122212,0
15.0,16928,23122212,0
15.0,16944,23128490,0
15.0,16928,23128490,0
15.0,16944,23128776,0
15.0,16828,23128776,0
15.0,16928,23128776,0
15.0,16944,23170396,0
15.0,16828,23170396,0
15.0,16928,23170396,0
15.0,16944,23285054,0
15.0,16928,23285054,0
15.0,16944,23285191,0
15.0,16928,23285191,0
15.0,16944,23310707,0
15.0,16828,23310707,0
15.0,16944,23332062,0
15.0,16828,23332062,0
15.0,16928,23332062,0
15.0,16944,40030204,0
15.0,16928,40030204,0
15.0,16944,40066523,0
15.0,16828,40066523,0
15.0,16928,40066523,0
15.0,16944,40106381,0
15.0,16928,40106381,0
15.0,16944,40130436,0
15.0,16828,40130436,0
15.0,16944,40137723,0
15.0,16828,40137723,0
15.0,16928,40137723,0
15.0,16944,40188699,0
15.0,16828,40188699,0
15.0,16928,40188699,0
15.0,16944,40215672,0
15.0,16928,40215672,0
15.0,16944,40275439,0
15.0,16828,40275439,0
15.0,16944,40293157,0
15.0,16928,40293157,0
15.0,16944,40309917,0
15.0,16928,40309917,0
15.0,16944,40339779,0
15.0,16928,40339779,0
15.0,16944,40382260,0
15.0,16928,40382260,0
15.0,16944,40394909,0
15.0,16928,40394909,0
15.0,16944,40402465,0
15.0,16928,40402465,0
15.0,16944,40405082,0
15.0,16828,40405082,0
15.0,16944,40443608,0
15.0,16928,40443608,0
15.0,16944,40446644,0
15.0,16828,40446644,0
15.0,16944,40501311,0
15.0,16928,40501311,0
15.0,16944,40565143,0
15.0,16928,40565143,0
15.0,16944,40565174,0
15.0,16928,40565174,0
0.0,9881,110873,1
0.0,9881,144400,1
0.0,9881,155308,1
0.0,9881,155397,1
0.0,9881,156485,1
0.0,9881,157126,1
0.0,9881,157967,1
0.0,9881,158301,1
0.0,9881,251832,1
0.0,9881,261024,1
0.0,9881,263088,1
0.0,9881,264700,1
0.0,9881,270330,1
0.0,9881,279471,1
0.0,9881,281393,1
0.0,9881,290237,1
0.0,9881,292451,1
0.0,9881,296547,1
0.0,9881,297186,1
0.0,9881,299904,1
0.0,9881,301395,1
0.0,9881,304976,1
0.0,9881,307848,1
0.0,9881,348460,1
0.0,9881,2057853,1
0.0,9881,7280013,1
0.0,9881,7338095,1
0.0,9881,7351815,1
0.0,9881,7396531,1
0.0,9881,7401962,1
0.0,9881,7433409,1
0.0,9881,7434314,1
0.0,9881,7443877,1
0.0,9881,7507452,1
0.0,9881,7546048,1
0.0,9881,7578023,1
0.0,9881,8347440,1
0.0,9881,8357318,1
0.0,9881,8382018,1
0.0,9881,8392826,1
0.0,9881,8493941,1
0.0,9881,8601343,1
0.0,9881,10273897,1
0.0,9881,10475857,1
0.0,9881,10482608,1
0.0,9881,10601498,1
0.0,9881,10687395,1
0.0,9881,11866817,1
0.0,9881,11905561,1
0.0,9881,13273905,1
0.0,9881,13287348,1
0.0,9881,13330388,1
0.0,9881,13348403,1
0.0,9881,13361031,1
0.0,9881,13365748,1
0.0,9881,14768063,1
0.0,9881,14821940,1
0.0,9881,14899147,1
0.0,9881,14906363,1
0.0,9881,15104893,1
0.0,9881,15128148,1
0.0,9881,15221906,1
0.0,9881,15289003,1
0.0,9881,15292231,1
0.0,9881,15508708,1
0.0,9881,15548523,1
0.0,9881,15775227,1
0.0,9881,15803924,1
0.0,9881,15917161,1
0.0,9881,15972093,1
0.0,9881,15982182,1
0.0,9881,16067643,1
0.0,9881,19910536,1
0.0,9881,19978040,1
0.0,9881,20035455,1
0.0,9881,20051336,1
0.0,9881,20051357,1
0.0,9881,20107705,1
0.0,9881,20140344,1
0.0,9881,20156359,1
0.0,9881,20158932,1
0.0,9881,20237512,1
0.0,9881,20273236,1
0.0,9881,20283608,1
0.0,9881,20309119,1
0.0,9881,20342742,1
0.0,9881,20391112,1
0.0,9881,20396608,1
0.0,9881,20397185,1
0.0,9881,20423957,1
0.0,9881,20433241,1
0.0,9881,20527917,1
0.0,9881,20529347,1
0.0,9881,20544867,1
0.0,9881,20555464,1
0.0,9881,20555484,1
0.0,9881,20618729,1
0.0,9881,20673221,1
0.0,9881,20677225,1
0.0,9881,20680885,1
0.0,9881,20685627,1
0.0,9881,20685932,1
0.0,9881,20699317,1
0.0,9881,20771370,1
0.0,9881,20771443,1
0.0,9881,20771452,1
0.0,9881,20771527,1
0.0,9881,20771536,1
0.0,9881,20780497,1
0.0,9881,20780744,1
0.0,9881,20781156,1
0.0,9881,20781394,1
0.0,9881,20783604,1
0.0,9881,20783989,1
0.0,9881,20784668,1
0.0,9881,20784948,1
0.0,9881,20785014,1
0.0,9881,20785034,1
0.0,9881,20785547,1
0.0,9881,20787372,1
0.0,9881,20787992,1
0.0,9881,20789192,1
0.0,9881,20789218,1
0.0,9881,20789542,1
0.0,9881,20789674,1
0.0,9881,20793996,1
0.0,9881,20798840,1
0.0,9881,20801569,1
0.0,9881,20803449,1
0.0,9881,20806031,1
0.0,9881,20815657,1
0.0,9881,20820180,1
0.0,9881,20821577,1
0.0,9881,20832704,1
0.0,9881,20832902,1
0.0,9881,20833549,1
0.0,9881,20871711,1
0.0,9881,20903543,1
0.0,9881,20920232,1
0.0,9881,20931212,1
0.0,9881,20943786,1
0.0,9881,20948518,1
0.0,9881,20958283,1
0.0,9881,20977988,1
0.0,9881,21032693,1
1.0,10015,303309,1
1.0,10015,7392404,1
1.0,10015,7442498,1
1.0,10015,7500182,1
1.0,10015,8395447,1
1.0,10015,8472826,1
1.0,10015,8488397,1
1.0,10015,10003678,1
1.0,10015,10116099,1
1.0,10015,10413662,1
1.0,10015,10444679,1
1.0,10015,10687407,1
1.0,10015,11925555,1
1.0,10015,14940443,1
1.0,10015,15720333,1
1.0,10015,15805529,1
1.0,10015,16017427,1
1.0,10015,16115177,1
1.0,10015,20002558,1
1.0,10015,21086951,1
1.0,10015,21119953,1
1.0,10015,21249153,1
1.0,10015,21371442,1
1.0,10015,21470487,1
1.0,10015,21471147,1
1.0,10015,21494813,1
1.0,10015,21622019,1
1.0,10015,21625822,1
1.0,10015,21656775,1
1.0,10015,21666450,1
1.0,10015,21765101,1
1.0,10015,21849294,1
1.0,10015,21871413,1
1.0,10015,21874282,1
1.0,10015,21874802,1
1.0,10015,21877715,1
1.0,10015,21878047,1
1.0,10015,21889318,1
1.0,10015,21908292,1
1.0,10015,21911554,1
1.0,10015,21917079,1
1.0,10015,21924534,1
1.0,10015,21945864,1
1.0,10015,21946177,1
1.0,10015,21947454,1
1.0,10015,21990198,1
1.0,10015,22008709,1
0.0,10087,274320,1
0.0,10087,7240885,1
0.0,10087,7459900,1
0.0,10087,10241455,1
0.0,10087,10380704,1
0.0,10087,10398587,1
0.0,10087,11881832,1
0.0,10087,15211879,1
0.0,10087,15557189,1
0.0,10087,15558748,1
0.0,10087,20243958,1
0.0,10087,21114020,1
0.0,10087,21926997,1
0.0,10087,21969942,1
0.0,10087,22093503,1
0.0,10087,22505051,1
0.0,10087,22508351,1
0.0,10087,22626991,1
0.0,10087,22627195,1
0.0,10087,22627270,1
0.0,10087,22628687,1
0.0,10087,22628772,1
0.0,10087,22628887,1
0.0,10087,22628893,1
0.0,10087,22628932,1
0.0,10087,22629065,1
0.0,10087,22629147,1
0.0,10087,22629151,1
0.0,10087,22629223,1
0.0,10087,22629971,1
1.0,10088,273414,1
1.0,10088,289435,1
1.0,10088,7465390,1
1.0,10088,7468108,1
1.0,10088,7579810,1
1.0,10088,8479262,1
1.0,10088,8500894,1
1.0,10088,10456798,1
1.0,10088,10459051,1
1.0,10088,13298470,1
1.0,10088,15868491,1
1.0,10088,15892009,1
1.0,10088,19746433,1
1.0,10088,20255420,1
1.0,10088,20256177,1
1.0,10088,20610662,1
1.0,10088,20641048,1
1.0,10088,20910418,1
1.0,10088,21113940,1
1.0,10088,21183970,1
1.0,10088,21190309,1
1.0,10088,21260745,1
1.0,10088,21575181,1
1.0,10088,21655942,1
1.0,10088,21708065,1
1.0,10088,22627381,1
1.0,10088,22627986,1
1.0,10088,22628293,1
1.0,10088,22628685,1
1.0,10088,22628883,1
1.0,10088,22629193,1
1.0,10088,22629277,1
1.0,10088,22629385,1
1.0,10088,22629796,1
1.0,10088,22629828,1
1.0,10088,22629864,1
1.0,10088,22629866,1
1.0,10088,22630237,1
1.0,10088,22630284,1
1.0,10088,22630576,1
1.0,10088,22630603,1
1.0,10088,22630614,1
1.0,10088,22630666,1
1.0,10088,22630760,1
1.0,10088,22630799,1
1.0,10088,22630808,1
1.0,10088,22630848,1
4.0,11136,296461,1
4.0,11136,7219408,1
4.0,11136,8400878,1
4.0,11136,10616830,1
4.0,11136,14884004,1
4.0,11136,21495056,1
4.0,11136,21707006,1
4.0,11136,22051370,1
4.0,11136,22653120,1
4.0,11136,22656817,1
4.0,11136,22662743,1
4.0,11136,22677058,1
4.0,11136,22679947,1
4.0,11136,22686445,1
4.0,11136,22692765,1
4.0,11136,22706456,1
4.0,11136,22712123,1
4.0,11136,22713149,1
4.0,11136,22713690,1
4.0,11136,22713766,1
4.0,11136,22716027,1
4.0,11136,22716273,1
4.0,11136,22716381,1
4.0,11136,22716476,1
4.0,11136,22716572,1
4.0,11136,22717317,1
4.0,11136,22717517,1
4.0,11136,22717546,1
4.0,11136,22717909,1
4.0,11136,22717981,1
4.0,11136,22718511,1
4.0,11136,22718550,1
3.0,12198,10410154,1
3.0,12198,22711676,1
3.0,12198,22717951,1
3.0,12198,22719847,1
3.0,12198,22721992,1
3.0,12198,22722198,1
3.0,12198,22722515,1
3.0,12198,22723178,1
3.0,12200,22725268,1
3.0,12200,22725594,1
3.0,12200,22727735,1
3.0,12200,22727928,1
5.0,12204,7581480,1
5.0,12204,21162075,1
5.0,12204,22653796,1
5.0,12204,22668193,1
5.0,12204,22683368,1
5.0,12204,22685186,1
5.0,12204,22690346,1
5.0,12204,22696634,1
5.0,12204,22713193,1
5.0,12204,22718320,1
5.0,12204,22737737,1
5.0,12204,22742084,1
5.0,12204,22743150,1
5.0,12204,22744486,1
5.0,12204,22745036,1
5.0,12204,22745579,1
5.0,12204,22746080,1
5.0,12204,22746460,1
5.0,12204,22747346,1
3.0,13565,7514011,1
3.0,13565,22654575,1
3.0,13565,22656143,1
3.0,13565,22677562,1
3.0,13565,22700085,1
3.0,13565,22738238,1
3.0,13565,22745445,1
3.0,13565,22746448,1
3.0,13565,22747217,1
3.0,13565,22749203,1
3.0,13565,22750255,1
5.0,13709,7566083,1
5.0,13709,22663888,1
5.0,13709,22692931,1
5.0,13709,22692969,1
5.0,13709,22696453,1
5.0,13709,22697196,1
5.0,13709,22709555,1
5.0,13709,22714443,1
5.0,13709,22722677,1
5.0,13709,22733994,1
5.0,13709,22752801,1
5.0,13709,22755776,1
5.0,13709,22768333,1
5.0,13709,22768336,1
5.0,13709,22768727,1
5.0,13709,22771080,1
5.0,13709,22771430,1
4.0,13795,20112552,1
4.0,13795,20336263,1
4.0,13795,20412162,1
4.0,13795,21236947,1
4.0,13795,22673331,1
4.0,13795,22691397,1
4.0,13795,22693771,1
4.0,13795,22697421,1
4.0,13795,22703144,1
4.0,13795,22715447,1
4.0,13795,22719412,1
4.0,13795,22719667,1
4.0,13795,22724077,1
4.0,13795,22730023,1
4.0,13795,22731252,1
4.0,13795,22744449,1
4.0,13795,22750228,1
4.0,13795,22757654,1
4.0,13795,22759143,1
4.0,13795,22761898,1
4.0,13795,22765199,1
4.0,13795,22767627,1
4.0,13795,22773900,1
4.0,13795,22778824,1
4.0,13795,22779022,1
4.0,13795,22779050,1
4.0,13795,22779518,1
4.0,13795,22779588,1
4.0,13795,22780062,1
4.0,13795,22781581,1
4.0,13795,22781706,1
4.0,13795,22781905,1
4.0,13795,22782168,1
4.0,13795,22782416,1
4.0,13795,22821457,1
8.0,13897,7504023,1
8.0,13897,8475361,1
8.0,13897,15693225,1
8.0,13897,15812946,1
8.0,13897,21393997,1
8.0,13897,22248551,1
8.0,13897,22263204,1
8.0,13897,22639520,1
8.0,13897,22655195,1
8.0,13897,22669247,1
8.0,13897,22677205,1
8.0,13897,22681868,1
8.0,13897,22686590,1
8.0,13897,22691655,1
8.0,13897,22692126,1
8.0,13897,22695601,1
8.0,13897,22700779,1
8.0,13897,22703486,1
8.0,13897,22723736,1
8.0,13897,22731356,1
8.0,13897,22736320,1
8.0,13897,22738298,1
8.0,13897,22739250,1
8.0,13897,22739394,1
8.0,13897,22744174,1
8.0,13897,22744264,1
8.0,13897,22744380,1
8.0,13897,22745135,1
8.0,13897,22745206,1
8.0,13897,22748496,1
8.0,13897,22754311,1
8.0,13897,22757693,1
8.0,13897,22761545,1
8.0,13897,22763180,1
8.0,13897,22765174,1
8.0,13897,22767403,1
8.0,13897,22769575,1
8.0,13897,22769850,1
8.0,13897,22770435,1
8.0,13897,22770605,1
8.0,13897,22775831,1
8.0,13897,22777985,1
8.0,13897,22780537,1
8.0,13897,22781646,1
8.0,13897,22781940,1
8.0,13897,22784516,1
8.0,13897,22785259,1
8.0,13897,22786105,1
8.0,13897,22788928,1
8.0,13897,22790428,1
8.0,13897,22793342,1
8.0,13897,22793995,1
8.0,13897,22821353,1
8.0,13897,22823053,1
8.0,13897,22823211,1
8.0,13897,22823507,1
8.0,13897,22823867,1
8.0,13897,22825894,1
8.0,13897,22826091,1
8.0,13897,22826142,1
8.0,13897,22826277,1
8.0,13897,22826393,1
8.0,13897,22827377,1
8.0,13897,22827396,1
8.0,13897,22827769,1
8.0,13897,22827855,1
8.0,13897,22827864,1
8.0,13897,22827870,1
8.0,13897,22827914,1
8.0,13897,22827949,1
8.0,13897,22828057,1
8.0,13897,22828257,1
8.0,13897,22828354,1
8.0,13897,22828432,1
8.0,13897,22828541,1
8.0,13897,22828546,1
5.0,13923,279175,1
5.0,13923,22686512,1
5.0,13923,22688175,1
5.0,13923,22689019,1
5.0,13923,22699804,1
5.0,13923,22710576,1
5.0,13923,22711655,1
5.0,13923,22725462,1
5.0,13923,22738011,1
5.0,13923,22745280,1
5.0,13923,22750251,1
5.0,13923,22755249,1
5.0,13923,22757532,1
5.0,13923,22768151,1
5.0,13923,22770042,1
5.0,13923,22770399,1
5.0,13923,22774457,1
5.0,13923,22774931,1
5.0,13923,22774933,1
5.0,13923,22777893,1
5.0,13923,22780770,1
5.0,13923,22822718,1
5.0,13923,22822827,1
5.0,13923,22828733,1
5.0,13923,22830065,1
5.0,13923,22830403,1
5.0,13923,22830886,1
5.0,13923,22830961,1
5.0,13923,22831124,1
5.0,13923,22831223,1
5.0,13923,22831890,1
5.0,13923,22831936,1
9.0,13964,278362,1
9.0,13964,7459945,1
9.0,13964,7540456,1
9.0,13964,9970263,1
9.0,13964,19733731,1
9.0,13964,20273006,1
9.0,13964,20903357,1
9.0,13964,22653798,1
9.0,13964,22662265,1
9.0,13964,22672561,1
9.0,13964,22678332,1
9.0,13964,22699304,1
9.0,13964,22725093,1
9.0,13964,22745629,1
9.0,13964,22745897,1
9.0,13964,22746788,1
9.0,13964,22749323,1
9.0,13964,22750142,1
9.0,13964,22756269,1
9.0,13964,22758250,1
9.0,13964,22769828,1
9.0,13964,22775598,1
9.0,13964,22776557,1
9.0,13964,22779313,1
9.0,13964,22823265,1
9.0,13964,22825479,1
9.0,13964,22825565,1
9.0,13964,22829840,1
9.0,13964,22830136,1
9.0,13964,22831538,1
9.0,13964,22833380,1
9.0,13964,22834290,1
9.0,13964,22836141,1
9.0,13964,22837320,1
9.0,13964,22838064,1
9.0,13964,22838201,1
9.0,13964,22838301,1
9.0,13964,22838346,1
9.0,13964,22838620,1
9.0,13964,22838863,1
9.0,13964,22839189,1
9.0,13964,22839234,1
9.0,13964,22839348,1
9.0,13964,22839359,1
9.0,13964,22839420,1
9.0,13964,22839524,1
9.0,13964,22839780,1
9.0,13964,22839984,1
9.0,13964,22840352,1
9.0,13964,22840901,1
8.0,14264,142007,1
8.0,14264,19834611,1
8.0,14264,22269126,1
8.0,14264,22674919,1
8.0,14264,22686243,1
8.0,14264,22692510,1
8.0,14264,22693378,1
8.0,14264,22714768,1
8.0,14264,22732328,1
8.0,14264,22738691,1
8.0,14264,22740332,1
8.0,14264,22746624,1
8.0,14264,22758011,1
8.0,14264,22759815,1
8.0,14264,22762763,1
8.0,14264,22779439,1
8.0,14264,22786625,1
8.0,14264,22790053,1
8.0,14264,22821739,1
8.0,14264,22826834,1
8.0,14264,22833185,1
8.0,14264,22840320,1
8.0,14264,22845698,1
8.0,14264,22845707,1
8.0,14264,22848421,1
8.0,14264,22856251,1
8.0,14264,22856278,1
8.0,14264,22859303,1
8.0,14264,22859620,1
8.0,14264,22860336,1
8.0,14264,22864214,1
8.0,14264,22867737,1
8.0,14264,22868061,1
8.0,14264,22868772,1
8.0,14264,22869131,1
8.0,14264,22870139,1
8.0,14264,22871161,1
8.0,14264,22871672,1
8.0,14264,22872480,1
8.0,14264,22872744,1
8.0,14264,22872804,1
8.0,14264,22872911,1
8.0,14264,22873531,1
8.0,14264,22874376,1
8.0,14264,22874545,1
8.0,14264,22874914,1
8.0,14264,22875054,1
8.0,14264,22875082,1
8.0,14264,22875125,1
8.0,14264,22875177,1
8.0,14264,22875332,1
8.0,14264,22875363,1
8.0,14264,22875449,1
8.0,14264,22875611,1
8.0,14264,22875792,1
8.0,14264,22876096,1
8.0,14264,22876160,1
4.0,14354,22668824,1
4.0,14354,22699399,1
4.0,14354,22706214,1
4.0,14354,22710905,1
4.0,14354,22716309,1
4.0,14354,22729239,1
4.0,14354,22747723,1
4.0,14354,22750047,1
4.0,14354,22778586,1
4.0,14354,22846679,1
4.0,14354,22850553,1
4.0,14354,22852639,1
4.0,14354,22854282,1
4.0,14354,22866205,1
4.0,14354,22868941,1
4.0,14354,22874941,1
4.0,14354,22879698,1
4.0,14354,22883679,1
4.0,14354,22887527,1
4.0,14354,22888367,1
4.0,14354,22889212,1
4.0,14354,22889557,1
4.0,14354,22890124,1
4.0,14354,22890781,1
4.0,14354,22891768,1
9.0,14412,7465325,1
9.0,14412,10379468,1
9.0,14412,10676764,1
9.0,14412,15638907,1
9.0,14412,22269671,1
9.0,14412,22630875,1
9.0,14412,22670174,1
9.0,14412,22673275,1
9.0,14412,22686277,1
9.0,14412,22692080,1
9.0,14412,22696883,1
9.0,14412,22697550,1
9.0,14412,22698371,1
9.0,14412,22704484,1
9.0,14412,22712676,1
9.0,14412,22730929,1
9.0,14412,22736105,1
9.0,14412,22744294,1
9.0,14412,22745455,1
9.0,14412,22748505,1
9.0,14412,22748595,1
9.0,14412,22752651,1
9.0,14412,22753863,1
9.0,14412,22753952,1
9.0,14412,22757406,1
9.0,14412,22763096,1
9.0,14412,22780159,1
9.0,14412,22781860,1
9.0,14412,22794521,1
9.0,14412,22827199,1
9.0,14412,22827955,1
9.0,14412,22830363,1
9.0,14412,22830500,1
9.0,14412,22831044,1
9.0,14412,22836020,1
9.0,14412,22837070,1
9.0,14412,22843572,1
9.0,14412,22847477,1
9.0,14412,22849209,1
9.0,14412,22850456,1
9.0,14412,22852185,1
9.0,14412,22852810,1
9.0,14412,22853856,1
9.0,14412,22863632,1
9.0,14412,22865568,1
9.0,14412,22866664,1
9.0,14412,22871554,1
9.0,14412,22874433,1
9.0,14412,22875240,1
9.0,14412,22878517,1
9.0,14412,22882244,1
9.0,14412,22890801,1
9.0,14412,22894843,1
9.0,14412,22895219,1
9.0,14412,22895314,1
9.0,14412,22895460,1
9.0,14412,22895917,1
9.0,14412,22896904,1
9.0,14412,22897682,1
9.0,14412,22898114,1
9.0,14412,22898882,1
9.0,14412,22899419,1
9.0,14412,22900179,1
9.0,14412,22900361,1
9.0,14412,22900407,1
9.0,14412,22900556,1
9.0,14412,22900867,1
9.0,14412,22901162,1
9.0,14412,22901272,1
9.0,14412,22901418,1
9.0,14412,22902197,1
9.0,14412,22902230,1
9.0,14412,22902490,1
9.0,14412,22903563,1
9.0,14412,22903649,1
9.0,14412,22904007,1
9.0,14412,22904139,1
9.0,14412,22904340,1
9.0,14412,22904550,1
9.0,14412,22904780,1
9.0,14412,22905112,1
9.0,14412,22905177,1
9.0,14412,22905913,1
5.0,14455,278471,1
5.0,14455,22696908,1
5.0,14455,22750076,1
5.0,14455,22824912,1
5.0,14455,22905417,1
5.0,14455,22905676,1
5.0,14455,22909561,1
5.0,14455,22909964,1
5.0,14455,22910686,1
5.0,14455,22911105,1
5.0,14455,22911273,1
5.0,14455,22911316,1
5.0,14455,22912209,1
12.0,14557,22739765,1
12.0,14557,22834681,1
12.0,14557,22924440,1
12.0,14557,22926226,1
12.0,14557,23000180,1
12.0,14557,23001463,1
12.0,14557,23002583,1
12.0,14557,23003246,1
9.0,14672,20166836,1
9.0,14672,22654637,1
9.0,14672,22672868,1
9.0,14672,22680384,1
9.0,14672,22689633,1
9.0,14672,22698030,1
9.0,14672,22705227,1
9.0,14672,22717156,1
9.0,14672,22717200,1
9.0,14672,22727863,1
9.0,14672,22735778,1
9.0,14672,22756578,1
9.0,14672,22759174,1
9.0,14672,22766021,1
9.0,14672,22777714,1
9.0,14672,22780859,1
9.0,14672,22826721,1
9.0,14672,22829913,1
9.0,14672,22833030,1
9.0,14672,22833893,1
9.0,14672,22845421,1
9.0,14672,22845706,1
9.0,14672,22846943,1
9.0,14672,22847043,1
9.0,14672,22860934,1
9.0,14672,22867787,1
9.0,14672,22879839,1
9.0,14672,22880222,1
9.0,14672,22884313,1
9.0,14672,22888340,1
9.0,14672,22890449,1
9.0,14672,22891139,1
9.0,14672,22900136,1
9.0,14672,22906729,1
9.0,14672,22907203,1
9.0,14672,22908603,1
9.0,14672,22909878,1
9.0,14672,22910875,1
9.0,14672,22913151,1
9.0,14672,22913826,1
9.0,14672,22914282,1
9.0,14672,22917193,1
9.0,14672,22917693,1
9.0,14672,22918146,1
9.0,14672,22918294,1
9.0,14672,22920325,1
9.0,14672,22924522,1
9.0,14672,22926666,1
9.0,14672,22930044,1
9.0,14672,22930588,1
9.0,14672,22931891,1
9.0,14672,22935406,1
9.0,14672,22937814,1
9.0,14672,22937889,1
9.0,14672,22938091,1
9.0,14672,22938208,1
9.0,14672,22938651,1
9.0,14672,22939322,1
9.0,14672,23000140,1
9.0,14672,23002344,1
9.0,14672,23007247,1
9.0,14672,23010314,1
9.0,14672,23010542,1
9.0,14672,23010692,1
9.0,14672,23014572,1
9.0,14672,23016069,1
9.0,14672,23016505,1
9.0,14672,23017342,1
9.0,14672,23017754,1
9.0,14672,23018957,1
9.0,14672,23021286,1
9.0,14672,23022195,1
9.0,14672,23022711,1
9.0,14672,23023382,1
9.0,14672,23024599,1
9.0,14672,23027186,1
9.0,14672,23028193,1
9.0,14672,23030321,1
9.0,14672,23030326,1
9.0,14672,23030502,1
9.0,14672,23030678,1
9.0,14672,23031113,1
9.0,14672,23031902,1
9.0,14672,23032176,1
12.0,15104,22929832,1
12.0,15104,23062150,1
12.0,15104,23064735,1
12.0,15104,23064911,1
8.0,15137,22656182,1
8.0,15137,22682037,1
8.0,15137,22682346,1
8.0,15137,22704342,1
8.0,15137,22704630,1
8.0,15137,22725084,1
8.0,15137,22774442,1
8.0,15137,22848180,1
8.0,15137,22851570,1
8.0,15137,22860321,1
8.0,15137,22860832,1
8.0,15137,22861511,1
8.0,15137,22864797,1
8.0,15137,22866257,1
8.0,15137,22869071,1
8.0,15137,22869906,1
8.0,15137,22870498,1
8.0,15137,22870544,1
8.0,15137,22872301,1
8.0,15137,22874000,1
8.0,15137,22880713,1
8.0,15137,22881627,1
8.0,15137,22881658,1
8.0,15137,22885408,1
8.0,15137,22890634,1
8.0,15137,22893201,1
8.0,15137,22898785,1
8.0,15137,22901956,1
8.0,15137,22903466,1
8.0,15137,22907481,1
8.0,15137,22908703,1
8.0,15137,22911340,1
8.0,15137,22913738,1
8.0,15137,22916415,1
8.0,15137,22918303,1
8.0,15137,22918994,1
8.0,15137,22934106,1
8.0,15137,22934759,1
8.0,15137,23000636,1
8.0,15137,23001265,1
8.0,15137,23002332,1
8.0,15137,23003389,1
8.0,15137,23003799,1
8.0,15137,23006231,1
8.0,15137,23011020,1
8.0,15137,23013962,1
8.0,15137,23017099,1
8.0,15137,23022955,1
8.0,15137,23030844,1
8.0,15137,23052698,1
8.0,15137,23061632,1
8.0,15137,23064081,1
8.0,15137,23064082,1
8.0,15137,23072178,1
8.0,15137,23072777,1
8.0,15137,23073016,1
8.0,15137,23073391,1
8.0,15137,23073403,1
8.0,15137,23073409,1
8.0,15137,23073427,1
8.0,15137,23074062,1
8.0,15137,23074097,1
8.0,15137,23074135,1
8.0,15137,23074315,1
8.0,15137,23074321,1
8.0,15137,23074358,1
8.0,15137,23074359,1
8.0,15137,23074360,1
8.0,15137,23074365,1
8.0,15137,23074378,1
8.0,15137,23074380,1
8.0,15137,23074576,1
8.0,15137,23074587,1
8.0,15137,23074590,1
8.0,15137,23074591,1
8.0,15137,23074651,1
8.0,15137,23075068,1
8.0,15137,23075088,1
8.0,15137,23075093,1
8.0,15137,23075096,1
8.0,15137,23075108,1
8.0,15137,23075110,1
8.0,15137,23075153,1
8.0,15137,23075242,1
12.0,15155,22747080,1
12.0,15155,23062527,1
12.0,15155,23071493,1
10.0,15570,155621,1
10.0,15570,22657278,1
10.0,15570,22747741,1
10.0,15570,22769643,1
10.0,15570,22777972,1
10.0,15570,22877542,1
10.0,15570,22878498,1
10.0,15570,22904568,1
10.0,15570,22907737,1
10.0,15570,22908185,1
10.0,15570,22932835,1
10.0,15570,23007886,1
10.0,15570,23021008,1
10.0,15570,23039776,1
10.0,15570,23068222,1
10.0,15570,23081124,1
10.0,15570,23082644,1
10.0,15570,23085372,1
10.0,15570,23113532,1
10.0,15570,23121131,1
10.0,15570,23129282,1
10.0,15570,23137550,1
10.0,15570,23138763,1
10.0,15570,23141083,1
10.0,15570,23141663,1
10.0,15570,23141803,1
10.0,15570,23142290,1
13.0,15648,10467320,1
13.0,15648,22651677,1
13.0,15648,22670500,1
13.0,15648,22697498,1
13.0,15648,22697616,1
13.0,15648,22773144,1
13.0,15648,22783762,1
13.0,15648,22859100,1
13.0,15648,22870131,1
13.0,15648,22887992,1
13.0,15648,22925717,1
13.0,15648,22926913,1
13.0,15648,23010583,1
13.0,15648,23051740,1
13.0,15648,23073805,1
13.0,15648,23078470,1
13.0,15648,23095287,1
13.0,15648,23103815,1
13.0,15648,23120598,1
13.0,15648,23131267,1
13.0,15648,23153685,1
13.0,15648,23154252,1
13.0,15648,23154357,1
13.0,15648,23158804,1
14.0,15649,22871352,1
14.0,15649,23001102,1
14.0,15649,23159089,1
14.0,15649,23159472,1
13.0,15683,22677219,1
13.0,15683,22691741,1
13.0,15683,22716754,1
13.0,15683,22742329,1
13.0,15683,22764650,1
13.0,15683,22771375,1
13.0,15683,22828924,1
13.0,15683,22841476,1
13.0,15683,22876344,1
13.0,15683,22881459,1
13.0,15683,22891613,1
13.0,15683,22925321,1
13.0,15683,22931612,1
13.0,15683,22934100,1
13.0,15683,23065235,1
13.0,15683,23074181,1
13.0,15683,23083425,1
13.0,15683,23104071,1
13.0,15683,23126751,1
13.0,15683,23167584,1
13.0,15683,23167700,1
13.0,15683,23167934,1
13.0,15683,23168073,1
14.0,15684,108281,1
14.0,15684,23036273,1
14.0,15684,23166497,1
14.0,15939,21918101,1
14.0,15939,23095338,1
14.0,15939,23156282,1
14.0,15939,23194546,1
14.0,15939,23308779,1
14.0,15939,40001635,1
14.0,15939,40014013,1
13.0,15982,10331061,1
13.0,15982,22718833,1
13.0,15982,22764171,1
13.0,15982,22900202,1
13.0,15982,22926197,1
13.0,15982,23018803,1
13.0,15982,23018970,1
13.0,15982,23063340,1
13.0,15982,23184460,1
13.0,15982,23188114,1
13.0,15982,23309301,1
13.0,15982,40011849,1
13.0,15982,40022035,1
13.0,15982,40023367,1
13.0,16445,22697551,1
13.0,16445,22857667,1
13.0,16445,22862541,1
13.0,16445,22908065,1
13.0,16445,22924560,1
13.0,16445,22934999,1
13.0,16445,23051360,1
13.0,16445,23095311,1
13.0,16445,23139057,1
13.0,16445,23145682,1
13.0,16445,23164989,1
13.0,16445,23167065,1
13.0,16445,23186395,1
13.0,16445,23282697,1
13.0,16445,23285054,1
13.0,16445,23286857,1
13.0,16445,23287493,1
13.0,16445,23287658,1
13.0,16445,23288396,1
13.0,16445,23304585,1
13.0,16445,23307169,1
13.0,16445,23309305,1
13.0,16445,23309417,1
13.0,16445,23309653,1
13.0,16445,23327060,1
13.0,16445,40024164,1
13.0,16445,40030204,1
13.0,16445,40075691,1
13.0,16445,40080274,1
13.0,16445,40103471,1
13.0,16445,40125327,1
13.0,16445,40139225,1
13.0,16445,40145139,1
13.0,16445,40170379,1
13.0,16445,40178642,1
13.0,16472,22765382,1
13.0,16472,22930305,1
13.0,16472,23021917,1
13.0,16472,23193535,1
13.0,16472,23202936,1
13.0,16472,23301167,1
13.0,16472,23309905,1
13.0,16472,23310981,1
13.0,16472,40017208,1
13.0,16472,40029122,1
13.0,16472,40050441,1
13.0,16472,40115343,1
13.0,16472,40136338,1
13.0,16472,40162035,1
13.0,16472,40211573,1
13.0,16472,40215148,1
13.0,16472,40215394,1
13.0,16472,40215672,1
13.0,16472,40218893,1
10.0,16494,22688672,1
10.0,16494,23066338,1
10.0,16494,23067244,1
10.0,16494,23141252,1
10.0,16494,23157799,1
10.0,16494,23188006,1
10.0,16494,40082825,1
10.0,16494,40094963,1
10.0,16494,40098208,1
10.0,16494,40133410,1
10.0,16494,40228580,1
10.0,16494,40240093,1
10.0,16494,40240257,1
10.0,16494,40296160,1
10.0,16494,40299854,1
10.0,16494,40300136,1
10.0,16494,40304828,1
6.0,16702,22743613,1
6.0,16702,22873934,1
6.0,16702,23053693,1
6.0,16702,23169412,1
6.0,16702,23183443,1
6.0,16702,23310707,1
6.0,16702,40095806,1
6.0,16702,40130436,1
6.0,16702,40143518,1
6.0,16702,40144256,1
6.0,16702,40214610,1
6.0,16702,40221263,1
6.0,16702,40309917,1
6.0,16702,40333438,1
6.0,16702,40352019,1
6.0,16702,40375027,1
6.0,16702,40397575,1
6.0,16702,40400463,1
6.0,16702,40405082,1
6.0,16702,40406717,1
6.0,16704,22852762,1
6.0,16704,22903001,1
6.0,16704,23050241,1
6.0,16704,23069974,1
6.0,16704,23139296,1
6.0,16704,40435541,1
6.0,16704,40445136,1
15.0,16828,22747744,1
15.0,16828,22890754,1
15.0,16828,22893344,1
15.0,16828,23074006,1
15.0,16828,23088634,1
15.0,16828,23098333,1
15.0,16828,40050596,1
15.0,16828,40063963,1
15.0,16828,40496312,1
15.0,16828,40501045,1
10.0,16857,22853627,1
10.0,16857,22901099,1
10.0,16857,23308968,1
10.0,16857,40036539,1
10.0,16857,40106381,1
10.0,16857,40208999,1
10.0,16857,40293183,1
10.0,16857,40364916,1
10.0,16857,40369412,1
10.0,16857,40495683,1
10.0,16857,40501311,1
10.0,16857,40527484,1
10.0,16857,40527738,1
10.0,16857,40527958,1
10.0,16857,40528799,1
10.0,16857,40532504,1
10.0,16857,40532553,1
6.0,16887,23097729,1
6.0,16887,40074802,1
6.0,16887,40145682,1
6.0,16887,40163400,1
6.0,16887,40256564,1
6.0,16887,40339779,1
6.0,16887,40411945,1
6.0,16887,40443608,1
6.0,16887,40511723,1
6.0,16887,40513494,1
6.0,16887,40527208,1
6.0,16887,40529630,1
10.0,16903,22697669,1
10.0,16903,22740367,1
10.0,16903,22838816,1
10.0,16903,22888586,1
10.0,16903,22910325,1
10.0,16903,23004373,1
10.0,16903,23018456,1
10.0,16903,23059200,1
10.0,16903,23065598,1
10.0,16903,23118372,1
10.0,16903,23129662,1
10.0,16903,23285191,1
10.0,16903,23309737,1
10.0,16903,40016240,1
10.0,16903,40099108,1
10.0,16903,40394909,1
10.0,16903,40409422,1
10.0,16903,40480823,1
10.0,16903,40525739,1
10.0,16903,40557524,1
10.0,16903,40559053,1
10.0,16903,40564389,1
10.0,16903,40565143,1
10.0,16903,40565174,1
10.0,16903,40565520,1
15.0,16928,22848598,1
15.0,16928,22864251,1
15.0,16928,22895368,1
15.0,16928,40392652,1
15.0,16928,40487265,1
15.0,16928,40503324,1
15.0,16928,40572694,1
15.0,16928,40576855,1
15.0,16928,40578650,1
15.0,16944,22692760,1
15.0,16944,23012810,1
15.0,16944,23088109,1
15.0,16944,40039273,1
15.0,16944,40266935,1
15.0,16944,40270926,1
15.0,16944,40448699,1
15.0,16944,40536959,1
15.0,16944,40581210,1
15.0,16944,40600255,1
15.0,16944,40600514,1
